-20,7,NlPmGzrTrZxP1iu3CgEehpVskIo=,Xe2Bn1X7Fcpu3TRDO0rMhHavsI0=
-21,7,NlPmGzrTrZxP1iu3CgEehpVskIo=,Xe2Bn1X7Fcpu3TRDO0rMhHavsI0=
-22,7,NlPmGzrTrZxP1iu3CgEehpVskIo=,Xe2Bn1X7Fcpu3TRDO0rMhHavsI0=
-18,6,NlPmGzrTrZxP1iu3CgEehpVskIo=,Xe2Bn1X7Fcpu3TRDO0rMhHavsI0=
-19,6,NlPmGzrTrZxP1iu3CgEehpVskIo=,Xe2Bn1X7Fcpu3TRDO0rMhHavsI0=
-17,4,NlPmGzrTrZxP1iu3CgEehpVskIo=,Xe2Bn1X7Fcpu3TRDO0rMhHavsI0=
-19,7,NlPmGzrTrZxP1iu3CgEehpVskIo=,Xe2Bn1X7Fcpu3TRDO0rMhHavsI0=
-20,6,NlPmGzrTrZxP1iu3CgEehpVskIo=,Xe2Bn1X7Fcpu3TRDO0rMhHavsI0=
-23,7,NlPmGzrTrZxP1iu3CgEehpVskIo=,Xe2Bn1X7Fcpu3TRDO0rMhHavsI0=
-21,6,NlPmGzrTrZxP1iu3CgEehpVskIo=,Xe2Bn1X7Fcpu3TRDO0rMhHavsI0=
-22,6,NlPmGzrTrZxP1iu3CgEehpVskIo=,Xe2Bn1X7Fcpu3TRDO0rMhHavsI0=
-23,6,NlPmGzrTrZxP1iu3CgEehpVskIo=,Xe2Bn1X7Fcpu3TRDO0rMhHavsI0=
-24,6,NlPmGzrTrZxP1iu3CgEehpVskIo=,Xe2Bn1X7Fcpu3TRDO0rMhHavsI0=
-18,5,NlPmGzrTrZxP1iu3CgEehpVskIo=,Xe2Bn1X7Fcpu3TRDO0rMhHavsI0=
-17,5,NlPmGzrTrZxP1iu3CgEehpVskIo=,Xe2Bn1X7Fcpu3TRDO0rMhHavsI0=
-21,0,NlPmGzrTrZxP1iu3CgEehpVskIo=,Xe2Bn1X7Fcpu3TRDO0rMhHavsI0=
-18,4,NlPmGzrTrZxP1iu3CgEehpVskIo=,Xe2Bn1X7Fcpu3TRDO0rMhHavsI0=
-24,4,NlPmGzrTrZxP1iu3CgEehpVskIo=,Xe2Bn1X7Fcpu3TRDO0rMhHavsI0=
-21,1,NlPmGzrTrZxP1iu3CgEehpVskIo=,Xe2Bn1X7Fcpu3TRDO0rMhHavsI0=
-19,5,NlPmGzrTrZxP1iu3CgEehpVskIo=,Xe2Bn1X7Fcpu3TRDO0rMhHavsI0=
-23,4,NlPmGzrTrZxP1iu3CgEehpVskIo=,Xe2Bn1X7Fcpu3TRDO0rMhHavsI0=
-20,5,NlPmGzrTrZxP1iu3CgEehpVskIo=,Xe2Bn1X7Fcpu3TRDO0rMhHavsI0=
-22,5,NlPmGzrTrZxP1iu3CgEehpVskIo=,Xe2Bn1X7Fcpu3TRDO0rMhHavsI0=
-23,5,NlPmGzrTrZxP1iu3CgEehpVskIo=,Xe2Bn1X7Fcpu3TRDO0rMhHavsI0=
-24,3,NlPmGzrTrZxP1iu3CgEehpVskIo=,Xe2Bn1X7Fcpu3TRDO0rMhHavsI0=
-20,0,NlPmGzrTrZxP1iu3CgEehpVskIo=,Xe2Bn1X7Fcpu3TRDO0rMhHavsI0=
-17,6,NlPmGzrTrZxP1iu3CgEehpVskIo=,Xe2Bn1X7Fcpu3TRDO0rMhHavsI0=
-24,7,NlPmGzrTrZxP1iu3CgEehpVskIo=,Xe2Bn1X7Fcpu3TRDO0rMhHavsI0=
-21,5,NlPmGzrTrZxP1iu3CgEehpVskIo=,Xe2Bn1X7Fcpu3TRDO0rMhHavsI0=
-24,1,NlPmGzrTrZxP1iu3CgEehpVskIo=,Xe2Bn1X7Fcpu3TRDO0rMhHavsI0=
-22,1,NlPmGzrTrZxP1iu3CgEehpVskIo=,Xe2Bn1X7Fcpu3TRDO0rMhHavsI0=
-23,3,NlPmGzrTrZxP1iu3CgEehpVskIo=,Xe2Bn1X7Fcpu3TRDO0rMhHavsI0=
-21,3,NlPmGzrTrZxP1iu3CgEehpVskIo=,Xe2Bn1X7Fcpu3TRDO0rMhHavsI0=
-23,1,NlPmGzrTrZxP1iu3CgEehpVskIo=,Xe2Bn1X7Fcpu3TRDO0rMhHavsI0=
-24,0,NlPmGzrTrZxP1iu3CgEehpVskIo=,Xe2Bn1X7Fcpu3TRDO0rMhHavsI0=
-21,2,NlPmGzrTrZxP1iu3CgEehpVskIo=,Xe2Bn1X7Fcpu3TRDO0rMhHavsI0=
-20,3,NlPmGzrTrZxP1iu3CgEehpVskIo=,Xe2Bn1X7Fcpu3TRDO0rMhHavsI0=
-17,3,NlPmGzrTrZxP1iu3CgEehpVskIo=,Xe2Bn1X7Fcpu3TRDO0rMhHavsI0=
-19,3,NlPmGzrTrZxP1iu3CgEehpVskIo=,Xe2Bn1X7Fcpu3TRDO0rMhHavsI0=
-18,2,NlPmGzrTrZxP1iu3CgEehpVskIo=,Xe2Bn1X7Fcpu3TRDO0rMhHavsI0=
-19,4,NlPmGzrTrZxP1iu3CgEehpVskIo=,Xe2Bn1X7Fcpu3TRDO0rMhHavsI0=
-20,2,NlPmGzrTrZxP1iu3CgEehpVskIo=,Xe2Bn1X7Fcpu3TRDO0rMhHavsI0=
-17,0,NlPmGzrTrZxP1iu3CgEehpVskIo=,Xe2Bn1X7Fcpu3TRDO0rMhHavsI0=
-24,2,NlPmGzrTrZxP1iu3CgEehpVskIo=,Xe2Bn1X7Fcpu3TRDO0rMhHavsI0=
-17,2,NlPmGzrTrZxP1iu3CgEehpVskIo=,Xe2Bn1X7Fcpu3TRDO0rMhHavsI0=
-20,4,NlPmGzrTrZxP1iu3CgEehpVskIo=,Xe2Bn1X7Fcpu3TRDO0rMhHavsI0=
-19,2,NlPmGzrTrZxP1iu3CgEehpVskIo=,Xe2Bn1X7Fcpu3TRDO0rMhHavsI0=
-23,2,NlPmGzrTrZxP1iu3CgEehpVskIo=,Xe2Bn1X7Fcpu3TRDO0rMhHavsI0=
-18,0,NlPmGzrTrZxP1iu3CgEehpVskIo=,Xe2Bn1X7Fcpu3TRDO0rMhHavsI0=
-17,7,NlPmGzrTrZxP1iu3CgEehpVskIo=,Xe2Bn1X7Fcpu3TRDO0rMhHavsI0=
-18,7,NlPmGzrTrZxP1iu3CgEehpVskIo=,Xe2Bn1X7Fcpu3TRDO0rMhHavsI0=
-24,5,NlPmGzrTrZxP1iu3CgEehpVskIo=,Xe2Bn1X7Fcpu3TRDO0rMhHavsI0=
-22,0,NlPmGzrTrZxP1iu3CgEehpVskIo=,Xe2Bn1X7Fcpu3TRDO0rMhHavsI0=
-21,4,NlPmGzrTrZxP1iu3CgEehpVskIo=,Xe2Bn1X7Fcpu3TRDO0rMhHavsI0=
-17,1,NlPmGzrTrZxP1iu3CgEehpVskIo=,Xe2Bn1X7Fcpu3TRDO0rMhHavsI0=
-20,1,NlPmGzrTrZxP1iu3CgEehpVskIo=,Xe2Bn1X7Fcpu3TRDO0rMhHavsI0=
-19,0,NlPmGzrTrZxP1iu3CgEehpVskIo=,Xe2Bn1X7Fcpu3TRDO0rMhHavsI0=
-18,1,NlPmGzrTrZxP1iu3CgEehpVskIo=,Xe2Bn1X7Fcpu3TRDO0rMhHavsI0=
-22,2,NlPmGzrTrZxP1iu3CgEehpVskIo=,Xe2Bn1X7Fcpu3TRDO0rMhHavsI0=
-22,4,NlPmGzrTrZxP1iu3CgEehpVskIo=,Xe2Bn1X7Fcpu3TRDO0rMhHavsI0=
-19,1,NlPmGzrTrZxP1iu3CgEehpVskIo=,Xe2Bn1X7Fcpu3TRDO0rMhHavsI0=
-22,3,NlPmGzrTrZxP1iu3CgEehpVskIo=,Xe2Bn1X7Fcpu3TRDO0rMhHavsI0=
-18,3,NlPmGzrTrZxP1iu3CgEehpVskIo=,Xe2Bn1X7Fcpu3TRDO0rMhHavsI0=
-23,0,NlPmGzrTrZxP1iu3CgEehpVskIo=,Xe2Bn1X7Fcpu3TRDO0rMhHavsI0=
-15,9,rH0zYo1vdWlF1fNlY3HCk33+y2g=,9zYwsbIrDviIVrTBKdEc/lfQDeE=
-10,14,rH0zYo1vdWlF1fNlY3HCk33+y2g=,9zYwsbIrDviIVrTBKdEc/lfQDeE=
-11,14,g3sHLi09GbXvu6Kfp0P/ZJAQ8WA=,9zYwsbIrDviIVrTBKdEc/lfQDeE=
-12,14,KSnHSbhusxxWRa8KJORRTjbfEng=,9zYwsbIrDviIVrTBKdEc/lfQDeE=
-14,14,mbDBdvEyQuLyxGRyoIVOmq8hw4k=,9zYwsbIrDviIVrTBKdEc/lfQDeE=
-13,14,mbDBdvEyQuLyxGRyoIVOmq8hw4k=,9zYwsbIrDviIVrTBKdEc/lfQDeE=
-15,14,mbDBdvEyQuLyxGRyoIVOmq8hw4k=,9zYwsbIrDviIVrTBKdEc/lfQDeE=
-10,13,mbDBdvEyQuLyxGRyoIVOmq8hw4k=,9zYwsbIrDviIVrTBKdEc/lfQDeE=
-11,13,mbDBdvEyQuLyxGRyoIVOmq8hw4k=,9zYwsbIrDviIVrTBKdEc/lfQDeE=
-12,13,mbDBdvEyQuLyxGRyoIVOmq8hw4k=,9zYwsbIrDviIVrTBKdEc/lfQDeE=
-13,13,mbDBdvEyQuLyxGRyoIVOmq8hw4k=,9zYwsbIrDviIVrTBKdEc/lfQDeE=
-14,13,mbDBdvEyQuLyxGRyoIVOmq8hw4k=,9zYwsbIrDviIVrTBKdEc/lfQDeE=
-11,12,mbDBdvEyQuLyxGRyoIVOmq8hw4k=,9zYwsbIrDviIVrTBKdEc/lfQDeE=
-10,12,mbDBdvEyQuLyxGRyoIVOmq8hw4k=,9zYwsbIrDviIVrTBKdEc/lfQDeE=
-15,13,mbDBdvEyQuLyxGRyoIVOmq8hw4k=,9zYwsbIrDviIVrTBKdEc/lfQDeE=
-12,12,mbDBdvEyQuLyxGRyoIVOmq8hw4k=,9zYwsbIrDviIVrTBKdEc/lfQDeE=
-13,12,mbDBdvEyQuLyxGRyoIVOmq8hw4k=,9zYwsbIrDviIVrTBKdEc/lfQDeE=
-14,12,mbDBdvEyQuLyxGRyoIVOmq8hw4k=,9zYwsbIrDviIVrTBKdEc/lfQDeE=
-10,11,mbDBdvEyQuLyxGRyoIVOmq8hw4k=,9zYwsbIrDviIVrTBKdEc/lfQDeE=
-11,11,mbDBdvEyQuLyxGRyoIVOmq8hw4k=,9zYwsbIrDviIVrTBKdEc/lfQDeE=
-12,11,mbDBdvEyQuLyxGRyoIVOmq8hw4k=,9zYwsbIrDviIVrTBKdEc/lfQDeE=
-13,11,mbDBdvEyQuLyxGRyoIVOmq8hw4k=,9zYwsbIrDviIVrTBKdEc/lfQDeE=
-14,11,mbDBdvEyQuLyxGRyoIVOmq8hw4k=,9zYwsbIrDviIVrTBKdEc/lfQDeE=
-15,11,mbDBdvEyQuLyxGRyoIVOmq8hw4k=,9zYwsbIrDviIVrTBKdEc/lfQDeE=
-10,10,mbDBdvEyQuLyxGRyoIVOmq8hw4k=,9zYwsbIrDviIVrTBKdEc/lfQDeE=
-11,10,mbDBdvEyQuLyxGRyoIVOmq8hw4k=,9zYwsbIrDviIVrTBKdEc/lfQDeE=
-14,10,mbDBdvEyQuLyxGRyoIVOmq8hw4k=,9zYwsbIrDviIVrTBKdEc/lfQDeE=
-15,10,mbDBdvEyQuLyxGRyoIVOmq8hw4k=,9zYwsbIrDviIVrTBKdEc/lfQDeE=
-13,10,mbDBdvEyQuLyxGRyoIVOmq8hw4k=,9zYwsbIrDviIVrTBKdEc/lfQDeE=
-12,10,mbDBdvEyQuLyxGRyoIVOmq8hw4k=,9zYwsbIrDviIVrTBKdEc/lfQDeE=
-10,9,mbDBdvEyQuLyxGRyoIVOmq8hw4k=,9zYwsbIrDviIVrTBKdEc/lfQDeE=
-11,9,mbDBdvEyQuLyxGRyoIVOmq8hw4k=,9zYwsbIrDviIVrTBKdEc/lfQDeE=
-12,9,mbDBdvEyQuLyxGRyoIVOmq8hw4k=,9zYwsbIrDviIVrTBKdEc/lfQDeE=
-13,9,mbDBdvEyQuLyxGRyoIVOmq8hw4k=,9zYwsbIrDviIVrTBKdEc/lfQDeE=
-15,12,mbDBdvEyQuLyxGRyoIVOmq8hw4k=,9zYwsbIrDviIVrTBKdEc/lfQDeE=
-14,9,mbDBdvEyQuLyxGRyoIVOmq8hw4k=,9zYwsbIrDviIVrTBKdEc/lfQDeE=
-12,15,mbDBdvEyQuLyxGRyoIVOmq8hw4k=,9zYwsbIrDviIVrTBKdEc/lfQDeE=
-11,15,mbDBdvEyQuLyxGRyoIVOmq8hw4k=,9zYwsbIrDviIVrTBKdEc/lfQDeE=
-10,15,mbDBdvEyQuLyxGRyoIVOmq8hw4k=,9zYwsbIrDviIVrTBKdEc/lfQDeE=
-15,15,mbDBdvEyQuLyxGRyoIVOmq8hw4k=,9zYwsbIrDviIVrTBKdEc/lfQDeE=
-14,15,mbDBdvEyQuLyxGRyoIVOmq8hw4k=,9zYwsbIrDviIVrTBKdEc/lfQDeE=
-13,15,mbDBdvEyQuLyxGRyoIVOmq8hw4k=,9zYwsbIrDviIVrTBKdEc/lfQDeE=
-16,9,mbDBdvEyQuLyxGRyoIVOmq8hw4k=,9zYwsbIrDviIVrTBKdEc/lfQDeE=
-16,10,mbDBdvEyQuLyxGRyoIVOmq8hw4k=,9zYwsbIrDviIVrTBKdEc/lfQDeE=
-16,11,mbDBdvEyQuLyxGRyoIVOmq8hw4k=,9zYwsbIrDviIVrTBKdEc/lfQDeE=
-16,12,mbDBdvEyQuLyxGRyoIVOmq8hw4k=,9zYwsbIrDviIVrTBKdEc/lfQDeE=
-16,13,mbDBdvEyQuLyxGRyoIVOmq8hw4k=,9zYwsbIrDviIVrTBKdEc/lfQDeE=
-16,15,mbDBdvEyQuLyxGRyoIVOmq8hw4k=,9zYwsbIrDviIVrTBKdEc/lfQDeE=
-16,14,mbDBdvEyQuLyxGRyoIVOmq8hw4k=,9zYwsbIrDviIVrTBKdEc/lfQDeE=
-4,13,mbDBdvEyQuLyxGRyoIVOmq8hw4k=,cRMqL7acjCKoWCQ2HbC/uBBqV3k=
-3,13,mbDBdvEyQuLyxGRyoIVOmq8hw4k=,cRMqL7acjCKoWCQ2HbC/uBBqV3k=
-2,13,mbDBdvEyQuLyxGRyoIVOmq8hw4k=,cRMqL7acjCKoWCQ2HbC/uBBqV3k=
-9,15,mbDBdvEyQuLyxGRyoIVOmq8hw4k=,9zYwsbIrDviIVrTBKdEc/lfQDeE=
-1,13,mbDBdvEyQuLyxGRyoIVOmq8hw4k=,cRMqL7acjCKoWCQ2HbC/uBBqV3k=
-8,14,mbDBdvEyQuLyxGRyoIVOmq8hw4k=,cRMqL7acjCKoWCQ2HbC/uBBqV3k=
-7,14,mbDBdvEyQuLyxGRyoIVOmq8hw4k=,cRMqL7acjCKoWCQ2HbC/uBBqV3k=
-6,14,mbDBdvEyQuLyxGRyoIVOmq8hw4k=,cRMqL7acjCKoWCQ2HbC/uBBqV3k=
-4,14,mbDBdvEyQuLyxGRyoIVOmq8hw4k=,cRMqL7acjCKoWCQ2HbC/uBBqV3k=
-5,14,mbDBdvEyQuLyxGRyoIVOmq8hw4k=,cRMqL7acjCKoWCQ2HbC/uBBqV3k=
-8,9,mbDBdvEyQuLyxGRyoIVOmq8hw4k=,cRMqL7acjCKoWCQ2HbC/uBBqV3k=
-7,9,mbDBdvEyQuLyxGRyoIVOmq8hw4k=,cRMqL7acjCKoWCQ2HbC/uBBqV3k=
-3,14,mbDBdvEyQuLyxGRyoIVOmq8hw4k=,cRMqL7acjCKoWCQ2HbC/uBBqV3k=
-6,9,mbDBdvEyQuLyxGRyoIVOmq8hw4k=,cRMqL7acjCKoWCQ2HbC/uBBqV3k=
-2,14,mbDBdvEyQuLyxGRyoIVOmq8hw4k=,cRMqL7acjCKoWCQ2HbC/uBBqV3k=
-5,13,mbDBdvEyQuLyxGRyoIVOmq8hw4k=,cRMqL7acjCKoWCQ2HbC/uBBqV3k=
-6,13,mbDBdvEyQuLyxGRyoIVOmq8hw4k=,cRMqL7acjCKoWCQ2HbC/uBBqV3k=
-7,13,mbDBdvEyQuLyxGRyoIVOmq8hw4k=,cRMqL7acjCKoWCQ2HbC/uBBqV3k=
-8,13,mbDBdvEyQuLyxGRyoIVOmq8hw4k=,cRMqL7acjCKoWCQ2HbC/uBBqV3k=
-9,14,mbDBdvEyQuLyxGRyoIVOmq8hw4k=,9zYwsbIrDviIVrTBKdEc/lfQDeE=
-1,12,mbDBdvEyQuLyxGRyoIVOmq8hw4k=,cRMqL7acjCKoWCQ2HbC/uBBqV3k=
-2,12,mbDBdvEyQuLyxGRyoIVOmq8hw4k=,cRMqL7acjCKoWCQ2HbC/uBBqV3k=
-9,13,mbDBdvEyQuLyxGRyoIVOmq8hw4k=,9zYwsbIrDviIVrTBKdEc/lfQDeE=
-3,12,mbDBdvEyQuLyxGRyoIVOmq8hw4k=,cRMqL7acjCKoWCQ2HbC/uBBqV3k=
-4,12,mbDBdvEyQuLyxGRyoIVOmq8hw4k=,cRMqL7acjCKoWCQ2HbC/uBBqV3k=
-5,12,mbDBdvEyQuLyxGRyoIVOmq8hw4k=,cRMqL7acjCKoWCQ2HbC/uBBqV3k=
-6,12,mbDBdvEyQuLyxGRyoIVOmq8hw4k=,cRMqL7acjCKoWCQ2HbC/uBBqV3k=
-8,12,mbDBdvEyQuLyxGRyoIVOmq8hw4k=,cRMqL7acjCKoWCQ2HbC/uBBqV3k=
-7,12,mbDBdvEyQuLyxGRyoIVOmq8hw4k=,cRMqL7acjCKoWCQ2HbC/uBBqV3k=
-1,11,mbDBdvEyQuLyxGRyoIVOmq8hw4k=,cRMqL7acjCKoWCQ2HbC/uBBqV3k=
-2,11,mbDBdvEyQuLyxGRyoIVOmq8hw4k=,cRMqL7acjCKoWCQ2HbC/uBBqV3k=
-9,12,mbDBdvEyQuLyxGRyoIVOmq8hw4k=,9zYwsbIrDviIVrTBKdEc/lfQDeE=
-3,11,mbDBdvEyQuLyxGRyoIVOmq8hw4k=,cRMqL7acjCKoWCQ2HbC/uBBqV3k=
-9,11,mbDBdvEyQuLyxGRyoIVOmq8hw4k=,9zYwsbIrDviIVrTBKdEc/lfQDeE=
-9,10,mbDBdvEyQuLyxGRyoIVOmq8hw4k=,9zYwsbIrDviIVrTBKdEc/lfQDeE=
-1,15,mbDBdvEyQuLyxGRyoIVOmq8hw4k=,cRMqL7acjCKoWCQ2HbC/uBBqV3k=
-2,15,mbDBdvEyQuLyxGRyoIVOmq8hw4k=,cRMqL7acjCKoWCQ2HbC/uBBqV3k=
-3,15,mbDBdvEyQuLyxGRyoIVOmq8hw4k=,cRMqL7acjCKoWCQ2HbC/uBBqV3k=
-8,11,mbDBdvEyQuLyxGRyoIVOmq8hw4k=,cRMqL7acjCKoWCQ2HbC/uBBqV3k=
-1,10,mbDBdvEyQuLyxGRyoIVOmq8hw4k=,cRMqL7acjCKoWCQ2HbC/uBBqV3k=
-7,11,mbDBdvEyQuLyxGRyoIVOmq8hw4k=,cRMqL7acjCKoWCQ2HbC/uBBqV3k=
-2,10,mbDBdvEyQuLyxGRyoIVOmq8hw4k=,cRMqL7acjCKoWCQ2HbC/uBBqV3k=
-4,11,mbDBdvEyQuLyxGRyoIVOmq8hw4k=,cRMqL7acjCKoWCQ2HbC/uBBqV3k=
-6,11,mbDBdvEyQuLyxGRyoIVOmq8hw4k=,cRMqL7acjCKoWCQ2HbC/uBBqV3k=
-3,10,mbDBdvEyQuLyxGRyoIVOmq8hw4k=,cRMqL7acjCKoWCQ2HbC/uBBqV3k=
-9,9,mbDBdvEyQuLyxGRyoIVOmq8hw4k=,9zYwsbIrDviIVrTBKdEc/lfQDeE=
-4,15,mbDBdvEyQuLyxGRyoIVOmq8hw4k=,cRMqL7acjCKoWCQ2HbC/uBBqV3k=
-5,11,mbDBdvEyQuLyxGRyoIVOmq8hw4k=,cRMqL7acjCKoWCQ2HbC/uBBqV3k=
-5,15,mbDBdvEyQuLyxGRyoIVOmq8hw4k=,cRMqL7acjCKoWCQ2HbC/uBBqV3k=
-8,10,mbDBdvEyQuLyxGRyoIVOmq8hw4k=,cRMqL7acjCKoWCQ2HbC/uBBqV3k=
-6,15,mbDBdvEyQuLyxGRyoIVOmq8hw4k=,cRMqL7acjCKoWCQ2HbC/uBBqV3k=
-7,15,mbDBdvEyQuLyxGRyoIVOmq8hw4k=,cRMqL7acjCKoWCQ2HbC/uBBqV3k=
-8,15,mbDBdvEyQuLyxGRyoIVOmq8hw4k=,cRMqL7acjCKoWCQ2HbC/uBBqV3k=
-5,9,mbDBdvEyQuLyxGRyoIVOmq8hw4k=,cRMqL7acjCKoWCQ2HbC/uBBqV3k=
-1,9,mbDBdvEyQuLyxGRyoIVOmq8hw4k=,cRMqL7acjCKoWCQ2HbC/uBBqV3k=
-1,14,mbDBdvEyQuLyxGRyoIVOmq8hw4k=,cRMqL7acjCKoWCQ2HbC/uBBqV3k=
-7,10,mbDBdvEyQuLyxGRyoIVOmq8hw4k=,cRMqL7acjCKoWCQ2HbC/uBBqV3k=
-4,10,mbDBdvEyQuLyxGRyoIVOmq8hw4k=,cRMqL7acjCKoWCQ2HbC/uBBqV3k=
-2,9,mbDBdvEyQuLyxGRyoIVOmq8hw4k=,cRMqL7acjCKoWCQ2HbC/uBBqV3k=
-7,8,mbDBdvEyQuLyxGRyoIVOmq8hw4k=,cRMqL7acjCKoWCQ2HbC/uBBqV3k=
-5,10,mbDBdvEyQuLyxGRyoIVOmq8hw4k=,cRMqL7acjCKoWCQ2HbC/uBBqV3k=
-6,10,mbDBdvEyQuLyxGRyoIVOmq8hw4k=,cRMqL7acjCKoWCQ2HbC/uBBqV3k=
-3,9,mbDBdvEyQuLyxGRyoIVOmq8hw4k=,cRMqL7acjCKoWCQ2HbC/uBBqV3k=
-6,8,mbDBdvEyQuLyxGRyoIVOmq8hw4k=,cRMqL7acjCKoWCQ2HbC/uBBqV3k=
-4,9,mbDBdvEyQuLyxGRyoIVOmq8hw4k=,cRMqL7acjCKoWCQ2HbC/uBBqV3k=
-5,3,2iXmi3bm8U9gorol7s/Xx+y+/J4=,6EY6KOL2joW+5wuMmOnMgSasQco=
-6,3,2iXmi3bm8U9gorol7s/Xx+y+/J4=,6EY6KOL2joW+5wuMmOnMgSasQco=
-1,7,2iXmi3bm8U9gorol7s/Xx+y+/J4=,6EY6KOL2joW+5wuMmOnMgSasQco=
-7,3,2iXmi3bm8U9gorol7s/Xx+y+/J4=,6EY6KOL2joW+5wuMmOnMgSasQco=
-1,2,2iXmi3bm8U9gorol7s/Xx+y+/J4=,6EY6KOL2joW+5wuMmOnMgSasQco=
-2,2,2iXmi3bm8U9gorol7s/Xx+y+/J4=,6EY6KOL2joW+5wuMmOnMgSasQco=
-3,2,2iXmi3bm8U9gorol7s/Xx+y+/J4=,6EY6KOL2joW+5wuMmOnMgSasQco=
-4,2,2iXmi3bm8U9gorol7s/Xx+y+/J4=,6EY6KOL2joW+5wuMmOnMgSasQco=
-3,7,2iXmi3bm8U9gorol7s/Xx+y+/J4=,6EY6KOL2joW+5wuMmOnMgSasQco=
-2,7,2iXmi3bm8U9gorol7s/Xx+y+/J4=,6EY6KOL2joW+5wuMmOnMgSasQco=
-5,8,mbDBdvEyQuLyxGRyoIVOmq8hw4k=,cRMqL7acjCKoWCQ2HbC/uBBqV3k=
-5,2,2iXmi3bm8U9gorol7s/Xx+y+/J4=,6EY6KOL2joW+5wuMmOnMgSasQco=
-1,6,2iXmi3bm8U9gorol7s/Xx+y+/J4=,6EY6KOL2joW+5wuMmOnMgSasQco=
-5,7,2iXmi3bm8U9gorol7s/Xx+y+/J4=,6EY6KOL2joW+5wuMmOnMgSasQco=
-6,2,2iXmi3bm8U9gorol7s/Xx+y+/J4=,6EY6KOL2joW+5wuMmOnMgSasQco=
-6,7,2iXmi3bm8U9gorol7s/Xx+y+/J4=,6EY6KOL2joW+5wuMmOnMgSasQco=
-7,2,2iXmi3bm8U9gorol7s/Xx+y+/J4=,6EY6KOL2joW+5wuMmOnMgSasQco=
-7,7,2iXmi3bm8U9gorol7s/Xx+y+/J4=,6EY6KOL2joW+5wuMmOnMgSasQco=
-2,1,2iXmi3bm8U9gorol7s/Xx+y+/J4=,6EY6KOL2joW+5wuMmOnMgSasQco=
-4,7,2iXmi3bm8U9gorol7s/Xx+y+/J4=,6EY6KOL2joW+5wuMmOnMgSasQco=
-3,1,2iXmi3bm8U9gorol7s/Xx+y+/J4=,6EY6KOL2joW+5wuMmOnMgSasQco=
-4,1,2iXmi3bm8U9gorol7s/Xx+y+/J4=,6EY6KOL2joW+5wuMmOnMgSasQco=
-5,1,2iXmi3bm8U9gorol7s/Xx+y+/J4=,6EY6KOL2joW+5wuMmOnMgSasQco=
-6,1,2iXmi3bm8U9gorol7s/Xx+y+/J4=,6EY6KOL2joW+5wuMmOnMgSasQco=
-7,1,2iXmi3bm8U9gorol7s/Xx+y+/J4=,6EY6KOL2joW+5wuMmOnMgSasQco=
-2,6,2iXmi3bm8U9gorol7s/Xx+y+/J4=,6EY6KOL2joW+5wuMmOnMgSasQco=
-3,6,2iXmi3bm8U9gorol7s/Xx+y+/J4=,6EY6KOL2joW+5wuMmOnMgSasQco=
-1,1,2iXmi3bm8U9gorol7s/Xx+y+/J4=,6EY6KOL2joW+5wuMmOnMgSasQco=
-1,5,2iXmi3bm8U9gorol7s/Xx+y+/J4=,6EY6KOL2joW+5wuMmOnMgSasQco=
-4,0,2iXmi3bm8U9gorol7s/Xx+y+/J4=,6EY6KOL2joW+5wuMmOnMgSasQco=
-5,0,2iXmi3bm8U9gorol7s/Xx+y+/J4=,6EY6KOL2joW+5wuMmOnMgSasQco=
-6,6,2iXmi3bm8U9gorol7s/Xx+y+/J4=,6EY6KOL2joW+5wuMmOnMgSasQco=
-2,5,2iXmi3bm8U9gorol7s/Xx+y+/J4=,6EY6KOL2joW+5wuMmOnMgSasQco=
-6,0,2iXmi3bm8U9gorol7s/Xx+y+/J4=,6EY6KOL2joW+5wuMmOnMgSasQco=
-3,5,2iXmi3bm8U9gorol7s/Xx+y+/J4=,6EY6KOL2joW+5wuMmOnMgSasQco=
-2,0,2iXmi3bm8U9gorol7s/Xx+y+/J4=,6EY6KOL2joW+5wuMmOnMgSasQco=
-3,0,2iXmi3bm8U9gorol7s/Xx+y+/J4=,6EY6KOL2joW+5wuMmOnMgSasQco=
-7,0,2iXmi3bm8U9gorol7s/Xx+y+/J4=,6EY6KOL2joW+5wuMmOnMgSasQco=
-1,4,2iXmi3bm8U9gorol7s/Xx+y+/J4=,6EY6KOL2joW+5wuMmOnMgSasQco=
-2,4,2iXmi3bm8U9gorol7s/Xx+y+/J4=,6EY6KOL2joW+5wuMmOnMgSasQco=
-4,8,mbDBdvEyQuLyxGRyoIVOmq8hw4k=,cRMqL7acjCKoWCQ2HbC/uBBqV3k=
-3,4,2iXmi3bm8U9gorol7s/Xx+y+/J4=,6EY6KOL2joW+5wuMmOnMgSasQco=
-4,4,2iXmi3bm8U9gorol7s/Xx+y+/J4=,6EY6KOL2joW+5wuMmOnMgSasQco=
-5,4,2iXmi3bm8U9gorol7s/Xx+y+/J4=,6EY6KOL2joW+5wuMmOnMgSasQco=
-7,6,2iXmi3bm8U9gorol7s/Xx+y+/J4=,6EY6KOL2joW+5wuMmOnMgSasQco=
-5,6,2iXmi3bm8U9gorol7s/Xx+y+/J4=,6EY6KOL2joW+5wuMmOnMgSasQco=
-4,5,2iXmi3bm8U9gorol7s/Xx+y+/J4=,6EY6KOL2joW+5wuMmOnMgSasQco=
-1,3,2iXmi3bm8U9gorol7s/Xx+y+/J4=,6EY6KOL2joW+5wuMmOnMgSasQco=
-2,3,2iXmi3bm8U9gorol7s/Xx+y+/J4=,6EY6KOL2joW+5wuMmOnMgSasQco=
-3,3,2iXmi3bm8U9gorol7s/Xx+y+/J4=,6EY6KOL2joW+5wuMmOnMgSasQco=
-4,3,RldAdr6sakt3pAgOuj8op3mJZgQ=,6EY6KOL2joW+5wuMmOnMgSasQco=
-4,6,2iXmi3bm8U9gorol7s/Xx+y+/J4=,6EY6KOL2joW+5wuMmOnMgSasQco=
-7,4,2iXmi3bm8U9gorol7s/Xx+y+/J4=,6EY6KOL2joW+5wuMmOnMgSasQco=
-6,4,2iXmi3bm8U9gorol7s/Xx+y+/J4=,6EY6KOL2joW+5wuMmOnMgSasQco=
-1,0,2iXmi3bm8U9gorol7s/Xx+y+/J4=,6EY6KOL2joW+5wuMmOnMgSasQco=
-3,8,mbDBdvEyQuLyxGRyoIVOmq8hw4k=,cRMqL7acjCKoWCQ2HbC/uBBqV3k=
-6,5,2iXmi3bm8U9gorol7s/Xx+y+/J4=,6EY6KOL2joW+5wuMmOnMgSasQco=
-7,5,2iXmi3bm8U9gorol7s/Xx+y+/J4=,6EY6KOL2joW+5wuMmOnMgSasQco=
-1,8,mbDBdvEyQuLyxGRyoIVOmq8hw4k=,cRMqL7acjCKoWCQ2HbC/uBBqV3k=
-2,8,mbDBdvEyQuLyxGRyoIVOmq8hw4k=,cRMqL7acjCKoWCQ2HbC/uBBqV3k=
-5,5,2iXmi3bm8U9gorol7s/Xx+y+/J4=,6EY6KOL2joW+5wuMmOnMgSasQco=
-9,5,2iXmi3bm8U9gorol7s/Xx+y+/J4=,xl0m9bYjVH7c6ACCGiqSVnxZkrI=
-8,3,2iXmi3bm8U9gorol7s/Xx+y+/J4=,6EY6KOL2joW+5wuMmOnMgSasQco=
-10,5,2iXmi3bm8U9gorol7s/Xx+y+/J4=,xl0m9bYjVH7c6ACCGiqSVnxZkrI=
-12,5,2iXmi3bm8U9gorol7s/Xx+y+/J4=,xl0m9bYjVH7c6ACCGiqSVnxZkrI=
-16,5,2iXmi3bm8U9gorol7s/Xx+y+/J4=,xl0m9bYjVH7c6ACCGiqSVnxZkrI=
-13,5,2iXmi3bm8U9gorol7s/Xx+y+/J4=,xl0m9bYjVH7c6ACCGiqSVnxZkrI=
-9,4,2iXmi3bm8U9gorol7s/Xx+y+/J4=,xl0m9bYjVH7c6ACCGiqSVnxZkrI=
-12,7,2iXmi3bm8U9gorol7s/Xx+y+/J4=,xl0m9bYjVH7c6ACCGiqSVnxZkrI=
-15,2,2iXmi3bm8U9gorol7s/Xx+y+/J4=,xl0m9bYjVH7c6ACCGiqSVnxZkrI=
-15,4,2iXmi3bm8U9gorol7s/Xx+y+/J4=,xl0m9bYjVH7c6ACCGiqSVnxZkrI=
-13,7,2iXmi3bm8U9gorol7s/Xx+y+/J4=,xl0m9bYjVH7c6ACCGiqSVnxZkrI=
-12,4,2iXmi3bm8U9gorol7s/Xx+y+/J4=,xl0m9bYjVH7c6ACCGiqSVnxZkrI=
-13,4,2iXmi3bm8U9gorol7s/Xx+y+/J4=,xl0m9bYjVH7c6ACCGiqSVnxZkrI=
-14,5,2iXmi3bm8U9gorol7s/Xx+y+/J4=,xl0m9bYjVH7c6ACCGiqSVnxZkrI=
-8,7,2iXmi3bm8U9gorol7s/Xx+y+/J4=,6EY6KOL2joW+5wuMmOnMgSasQco=
-8,2,2iXmi3bm8U9gorol7s/Xx+y+/J4=,6EY6KOL2joW+5wuMmOnMgSasQco=
-16,4,2iXmi3bm8U9gorol7s/Xx+y+/J4=,xl0m9bYjVH7c6ACCGiqSVnxZkrI=
-11,7,2iXmi3bm8U9gorol7s/Xx+y+/J4=,xl0m9bYjVH7c6ACCGiqSVnxZkrI=
-15,5,2iXmi3bm8U9gorol7s/Xx+y+/J4=,xl0m9bYjVH7c6ACCGiqSVnxZkrI=
-11,4,2iXmi3bm8U9gorol7s/Xx+y+/J4=,xl0m9bYjVH7c6ACCGiqSVnxZkrI=
-9,3,2iXmi3bm8U9gorol7s/Xx+y+/J4=,xl0m9bYjVH7c6ACCGiqSVnxZkrI=
-11,5,2iXmi3bm8U9gorol7s/Xx+y+/J4=,xl0m9bYjVH7c6ACCGiqSVnxZkrI=
-14,4,2iXmi3bm8U9gorol7s/Xx+y+/J4=,xl0m9bYjVH7c6ACCGiqSVnxZkrI=
-14,7,2iXmi3bm8U9gorol7s/Xx+y+/J4=,xl0m9bYjVH7c6ACCGiqSVnxZkrI=
-15,3,2iXmi3bm8U9gorol7s/Xx+y+/J4=,xl0m9bYjVH7c6ACCGiqSVnxZkrI=
-10,4,2iXmi3bm8U9gorol7s/Xx+y+/J4=,xl0m9bYjVH7c6ACCGiqSVnxZkrI=
-8,1,2iXmi3bm8U9gorol7s/Xx+y+/J4=,6EY6KOL2joW+5wuMmOnMgSasQco=
-12,6,2iXmi3bm8U9gorol7s/Xx+y+/J4=,xl0m9bYjVH7c6ACCGiqSVnxZkrI=
-11,6,2iXmi3bm8U9gorol7s/Xx+y+/J4=,xl0m9bYjVH7c6ACCGiqSVnxZkrI=
-9,2,2iXmi3bm8U9gorol7s/Xx+y+/J4=,xl0m9bYjVH7c6ACCGiqSVnxZkrI=
-15,7,2iXmi3bm8U9gorol7s/Xx+y+/J4=,xl0m9bYjVH7c6ACCGiqSVnxZkrI=
-16,7,2iXmi3bm8U9gorol7s/Xx+y+/J4=,xl0m9bYjVH7c6ACCGiqSVnxZkrI=
-12,2,2iXmi3bm8U9gorol7s/Xx+y+/J4=,xl0m9bYjVH7c6ACCGiqSVnxZkrI=
-10,7,2iXmi3bm8U9gorol7s/Xx+y+/J4=,xl0m9bYjVH7c6ACCGiqSVnxZkrI=
-16,6,2iXmi3bm8U9gorol7s/Xx+y+/J4=,xl0m9bYjVH7c6ACCGiqSVnxZkrI=
-14,2,2iXmi3bm8U9gorol7s/Xx+y+/J4=,xl0m9bYjVH7c6ACCGiqSVnxZkrI=
-16,2,2iXmi3bm8U9gorol7s/Xx+y+/J4=,xl0m9bYjVH7c6ACCGiqSVnxZkrI=
-16,3,2iXmi3bm8U9gorol7s/Xx+y+/J4=,xl0m9bYjVH7c6ACCGiqSVnxZkrI=
-9,8,mbDBdvEyQuLyxGRyoIVOmq8hw4k=,9zYwsbIrDviIVrTBKdEc/lfQDeE=
-10,2,2iXmi3bm8U9gorol7s/Xx+y+/J4=,xl0m9bYjVH7c6ACCGiqSVnxZkrI=
-13,6,2iXmi3bm8U9gorol7s/Xx+y+/J4=,xl0m9bYjVH7c6ACCGiqSVnxZkrI=
-8,5,2iXmi3bm8U9gorol7s/Xx+y+/J4=,6EY6KOL2joW+5wuMmOnMgSasQco=
-12,3,2iXmi3bm8U9gorol7s/Xx+y+/J4=,xl0m9bYjVH7c6ACCGiqSVnxZkrI=
-10,3,2iXmi3bm8U9gorol7s/Xx+y+/J4=,xl0m9bYjVH7c6ACCGiqSVnxZkrI=
-8,0,2iXmi3bm8U9gorol7s/Xx+y+/J4=,6EY6KOL2joW+5wuMmOnMgSasQco=
-11,3,2iXmi3bm8U9gorol7s/Xx+y+/J4=,xl0m9bYjVH7c6ACCGiqSVnxZkrI=
-8,6,2iXmi3bm8U9gorol7s/Xx+y+/J4=,6EY6KOL2joW+5wuMmOnMgSasQco=
-13,3,2iXmi3bm8U9gorol7s/Xx+y+/J4=,xl0m9bYjVH7c6ACCGiqSVnxZkrI=
-8,4,2iXmi3bm8U9gorol7s/Xx+y+/J4=,6EY6KOL2joW+5wuMmOnMgSasQco=
-13,2,2iXmi3bm8U9gorol7s/Xx+y+/J4=,xl0m9bYjVH7c6ACCGiqSVnxZkrI=
-11,0,2iXmi3bm8U9gorol7s/Xx+y+/J4=,xl0m9bYjVH7c6ACCGiqSVnxZkrI=
-12,0,2iXmi3bm8U9gorol7s/Xx+y+/J4=,xl0m9bYjVH7c6ACCGiqSVnxZkrI=
-11,2,2iXmi3bm8U9gorol7s/Xx+y+/J4=,xl0m9bYjVH7c6ACCGiqSVnxZkrI=
-16,1,2iXmi3bm8U9gorol7s/Xx+y+/J4=,xl0m9bYjVH7c6ACCGiqSVnxZkrI=
-10,0,2iXmi3bm8U9gorol7s/Xx+y+/J4=,xl0m9bYjVH7c6ACCGiqSVnxZkrI=
-9,7,2iXmi3bm8U9gorol7s/Xx+y+/J4=,xl0m9bYjVH7c6ACCGiqSVnxZkrI=
-16,8,mbDBdvEyQuLyxGRyoIVOmq8hw4k=,9zYwsbIrDviIVrTBKdEc/lfQDeE=
-15,8,mbDBdvEyQuLyxGRyoIVOmq8hw4k=,9zYwsbIrDviIVrTBKdEc/lfQDeE=
-14,8,mbDBdvEyQuLyxGRyoIVOmq8hw4k=,9zYwsbIrDviIVrTBKdEc/lfQDeE=
-8,8,mbDBdvEyQuLyxGRyoIVOmq8hw4k=,cRMqL7acjCKoWCQ2HbC/uBBqV3k=
-10,8,mbDBdvEyQuLyxGRyoIVOmq8hw4k=,9zYwsbIrDviIVrTBKdEc/lfQDeE=
-12,1,2iXmi3bm8U9gorol7s/Xx+y+/J4=,xl0m9bYjVH7c6ACCGiqSVnxZkrI=
-13,1,2iXmi3bm8U9gorol7s/Xx+y+/J4=,xl0m9bYjVH7c6ACCGiqSVnxZkrI=
-11,8,mbDBdvEyQuLyxGRyoIVOmq8hw4k=,9zYwsbIrDviIVrTBKdEc/lfQDeE=
-13,0,2iXmi3bm8U9gorol7s/Xx+y+/J4=,xl0m9bYjVH7c6ACCGiqSVnxZkrI=
-14,1,2iXmi3bm8U9gorol7s/Xx+y+/J4=,xl0m9bYjVH7c6ACCGiqSVnxZkrI=
-16,0,2iXmi3bm8U9gorol7s/Xx+y+/J4=,xl0m9bYjVH7c6ACCGiqSVnxZkrI=
-14,3,2iXmi3bm8U9gorol7s/Xx+y+/J4=,xl0m9bYjVH7c6ACCGiqSVnxZkrI=
-14,0,2iXmi3bm8U9gorol7s/Xx+y+/J4=,xl0m9bYjVH7c6ACCGiqSVnxZkrI=
-14,6,2iXmi3bm8U9gorol7s/Xx+y+/J4=,xl0m9bYjVH7c6ACCGiqSVnxZkrI=
-9,6,2iXmi3bm8U9gorol7s/Xx+y+/J4=,xl0m9bYjVH7c6ACCGiqSVnxZkrI=
-11,1,2iXmi3bm8U9gorol7s/Xx+y+/J4=,xl0m9bYjVH7c6ACCGiqSVnxZkrI=
-10,6,2iXmi3bm8U9gorol7s/Xx+y+/J4=,xl0m9bYjVH7c6ACCGiqSVnxZkrI=
-15,1,2iXmi3bm8U9gorol7s/Xx+y+/J4=,xl0m9bYjVH7c6ACCGiqSVnxZkrI=
-9,0,2iXmi3bm8U9gorol7s/Xx+y+/J4=,xl0m9bYjVH7c6ACCGiqSVnxZkrI=
-12,8,mbDBdvEyQuLyxGRyoIVOmq8hw4k=,9zYwsbIrDviIVrTBKdEc/lfQDeE=
-15,0,2iXmi3bm8U9gorol7s/Xx+y+/J4=,xl0m9bYjVH7c6ACCGiqSVnxZkrI=
-9,1,2iXmi3bm8U9gorol7s/Xx+y+/J4=,xl0m9bYjVH7c6ACCGiqSVnxZkrI=
-13,8,mbDBdvEyQuLyxGRyoIVOmq8hw4k=,9zYwsbIrDviIVrTBKdEc/lfQDeE=
-10,1,2iXmi3bm8U9gorol7s/Xx+y+/J4=,xl0m9bYjVH7c6ACCGiqSVnxZkrI=
-15,6,2iXmi3bm8U9gorol7s/Xx+y+/J4=,xl0m9bYjVH7c6ACCGiqSVnxZkrI=
