-12,-5,S7VpegeF6Agz5QzPajW6hnk6jZA=,AnMtimDbpI1J0fxtMFmzhm93sUg=
-13,-5,2JNKHeFzDl+yEocln4t7erUaXEo=,AnMtimDbpI1J0fxtMFmzhm93sUg=
-10,-6,2JNKHeFzDl+yEocln4t7erUaXEo=,AnMtimDbpI1J0fxtMFmzhm93sUg=
-11,-6,2JNKHeFzDl+yEocln4t7erUaXEo=,AnMtimDbpI1J0fxtMFmzhm93sUg=
-14,-5,2JNKHeFzDl+yEocln4t7erUaXEo=,AnMtimDbpI1J0fxtMFmzhm93sUg=
-15,-5,2JNKHeFzDl+yEocln4t7erUaXEo=,AnMtimDbpI1J0fxtMFmzhm93sUg=
-13,-6,2JNKHeFzDl+yEocln4t7erUaXEo=,AnMtimDbpI1J0fxtMFmzhm93sUg=
-14,-6,2JNKHeFzDl+yEocln4t7erUaXEo=,AnMtimDbpI1J0fxtMFmzhm93sUg=
-12,-6,2JNKHeFzDl+yEocln4t7erUaXEo=,AnMtimDbpI1J0fxtMFmzhm93sUg=
-15,-6,2JNKHeFzDl+yEocln4t7erUaXEo=,AnMtimDbpI1J0fxtMFmzhm93sUg=
-11,-2,2JNKHeFzDl+yEocln4t7erUaXEo=,AnMtimDbpI1J0fxtMFmzhm93sUg=
-10,-2,2JNKHeFzDl+yEocln4t7erUaXEo=,AnMtimDbpI1J0fxtMFmzhm93sUg=
-12,-2,2JNKHeFzDl+yEocln4t7erUaXEo=,AnMtimDbpI1J0fxtMFmzhm93sUg=
-10,-7,2JNKHeFzDl+yEocln4t7erUaXEo=,AnMtimDbpI1J0fxtMFmzhm93sUg=
-13,-2,2JNKHeFzDl+yEocln4t7erUaXEo=,AnMtimDbpI1J0fxtMFmzhm93sUg=
-11,-7,2JNKHeFzDl+yEocln4t7erUaXEo=,AnMtimDbpI1J0fxtMFmzhm93sUg=
-12,-7,2JNKHeFzDl+yEocln4t7erUaXEo=,AnMtimDbpI1J0fxtMFmzhm93sUg=
-13,-7,2JNKHeFzDl+yEocln4t7erUaXEo=,AnMtimDbpI1J0fxtMFmzhm93sUg=
-15,-2,2JNKHeFzDl+yEocln4t7erUaXEo=,AnMtimDbpI1J0fxtMFmzhm93sUg=
-15,-7,2JNKHeFzDl+yEocln4t7erUaXEo=,AnMtimDbpI1J0fxtMFmzhm93sUg=
-15,-3,2JNKHeFzDl+yEocln4t7erUaXEo=,AnMtimDbpI1J0fxtMFmzhm93sUg=
-10,-4,2JNKHeFzDl+yEocln4t7erUaXEo=,AnMtimDbpI1J0fxtMFmzhm93sUg=
-14,-2,2JNKHeFzDl+yEocln4t7erUaXEo=,AnMtimDbpI1J0fxtMFmzhm93sUg=
-14,-3,2JNKHeFzDl+yEocln4t7erUaXEo=,AnMtimDbpI1J0fxtMFmzhm93sUg=
-12,-3,2JNKHeFzDl+yEocln4t7erUaXEo=,AnMtimDbpI1J0fxtMFmzhm93sUg=
-11,-4,2JNKHeFzDl+yEocln4t7erUaXEo=,AnMtimDbpI1J0fxtMFmzhm93sUg=
-13,-3,2JNKHeFzDl+yEocln4t7erUaXEo=,AnMtimDbpI1J0fxtMFmzhm93sUg=
-11,-3,2JNKHeFzDl+yEocln4t7erUaXEo=,AnMtimDbpI1J0fxtMFmzhm93sUg=
-10,-3,2JNKHeFzDl+yEocln4t7erUaXEo=,AnMtimDbpI1J0fxtMFmzhm93sUg=
-11,-5,2JNKHeFzDl+yEocln4t7erUaXEo=,AnMtimDbpI1J0fxtMFmzhm93sUg=
-12,-4,2JNKHeFzDl+yEocln4t7erUaXEo=,AnMtimDbpI1J0fxtMFmzhm93sUg=
-10,-5,2JNKHeFzDl+yEocln4t7erUaXEo=,AnMtimDbpI1J0fxtMFmzhm93sUg=
-14,-4,2JNKHeFzDl+yEocln4t7erUaXEo=,AnMtimDbpI1J0fxtMFmzhm93sUg=
-13,-4,2JNKHeFzDl+yEocln4t7erUaXEo=,AnMtimDbpI1J0fxtMFmzhm93sUg=
-15,-4,2JNKHeFzDl+yEocln4t7erUaXEo=,AnMtimDbpI1J0fxtMFmzhm93sUg=
-14,-7,2JNKHeFzDl+yEocln4t7erUaXEo=,AnMtimDbpI1J0fxtMFmzhm93sUg=
-15,-1,2JNKHeFzDl+yEocln4t7erUaXEo=,AnMtimDbpI1J0fxtMFmzhm93sUg=
-11,-1,2JNKHeFzDl+yEocln4t7erUaXEo=,AnMtimDbpI1J0fxtMFmzhm93sUg=
-13,-1,2JNKHeFzDl+yEocln4t7erUaXEo=,AnMtimDbpI1J0fxtMFmzhm93sUg=
-12,-1,2JNKHeFzDl+yEocln4t7erUaXEo=,AnMtimDbpI1J0fxtMFmzhm93sUg=
-14,-1,2JNKHeFzDl+yEocln4t7erUaXEo=,AnMtimDbpI1J0fxtMFmzhm93sUg=
-10,-1,2JNKHeFzDl+yEocln4t7erUaXEo=,AnMtimDbpI1J0fxtMFmzhm93sUg=
-5,-1,v/EQTd/eCYtuI+8qSBN2lCTuBQs=,SLGfTBKOUqWLt1AkmcbUZAGXV/8=
-8,-6,v/EQTd/eCYtuI+8qSBN2lCTuBQs=,SLGfTBKOUqWLt1AkmcbUZAGXV/8=
-6,-1,v/EQTd/eCYtuI+8qSBN2lCTuBQs=,SLGfTBKOUqWLt1AkmcbUZAGXV/8=
-12,-13,v/EQTd/eCYtuI+8qSBN2lCTuBQs=,Tj1dRbLhRyfvEQ5rE0BCyh7Eeqg=
-7,-1,v/EQTd/eCYtuI+8qSBN2lCTuBQs=,SLGfTBKOUqWLt1AkmcbUZAGXV/8=
-9,-1,2JNKHeFzDl+yEocln4t7erUaXEo=,AnMtimDbpI1J0fxtMFmzhm93sUg=
-9,-6,2JNKHeFzDl+yEocln4t7erUaXEo=,AnMtimDbpI1J0fxtMFmzhm93sUg=
-7,-5,v/EQTd/eCYtuI+8qSBN2lCTuBQs=,SLGfTBKOUqWLt1AkmcbUZAGXV/8=
-6,-5,v/EQTd/eCYtuI+8qSBN2lCTuBQs=,SLGfTBKOUqWLt1AkmcbUZAGXV/8=
-11,-13,v/EQTd/eCYtuI+8qSBN2lCTuBQs=,Tj1dRbLhRyfvEQ5rE0BCyh7Eeqg=
-10,-13,v/EQTd/eCYtuI+8qSBN2lCTuBQs=,Tj1dRbLhRyfvEQ5rE0BCyh7Eeqg=
-8,-1,v/EQTd/eCYtuI+8qSBN2lCTuBQs=,SLGfTBKOUqWLt1AkmcbUZAGXV/8=
-2,-4,v/EQTd/eCYtuI+8qSBN2lCTuBQs=,SLGfTBKOUqWLt1AkmcbUZAGXV/8=
-1,-7,v/EQTd/eCYtuI+8qSBN2lCTuBQs=,SLGfTBKOUqWLt1AkmcbUZAGXV/8=
-2,-7,v/EQTd/eCYtuI+8qSBN2lCTuBQs=,SLGfTBKOUqWLt1AkmcbUZAGXV/8=
-5,-5,v/EQTd/eCYtuI+8qSBN2lCTuBQs=,SLGfTBKOUqWLt1AkmcbUZAGXV/8=
-2,-2,v/EQTd/eCYtuI+8qSBN2lCTuBQs=,SLGfTBKOUqWLt1AkmcbUZAGXV/8=
-9,-2,2JNKHeFzDl+yEocln4t7erUaXEo=,AnMtimDbpI1J0fxtMFmzhm93sUg=
-1,-2,v/EQTd/eCYtuI+8qSBN2lCTuBQs=,SLGfTBKOUqWLt1AkmcbUZAGXV/8=
-13,-13,v/EQTd/eCYtuI+8qSBN2lCTuBQs=,Tj1dRbLhRyfvEQ5rE0BCyh7Eeqg=
-14,-13,v/EQTd/eCYtuI+8qSBN2lCTuBQs=,Tj1dRbLhRyfvEQ5rE0BCyh7Eeqg=
-15,-13,v/EQTd/eCYtuI+8qSBN2lCTuBQs=,Tj1dRbLhRyfvEQ5rE0BCyh7Eeqg=
-3,-2,v/EQTd/eCYtuI+8qSBN2lCTuBQs=,SLGfTBKOUqWLt1AkmcbUZAGXV/8=
-3,-3,v/EQTd/eCYtuI+8qSBN2lCTuBQs=,SLGfTBKOUqWLt1AkmcbUZAGXV/8=
-4,-3,v/EQTd/eCYtuI+8qSBN2lCTuBQs=,SLGfTBKOUqWLt1AkmcbUZAGXV/8=
-16,-13,v/EQTd/eCYtuI+8qSBN2lCTuBQs=,Tj1dRbLhRyfvEQ5rE0BCyh7Eeqg=
-16,-12,v/EQTd/eCYtuI+8qSBN2lCTuBQs=,Tj1dRbLhRyfvEQ5rE0BCyh7Eeqg=
-11,-14,v/EQTd/eCYtuI+8qSBN2lCTuBQs=,Tj1dRbLhRyfvEQ5rE0BCyh7Eeqg=
-4,-1,v/EQTd/eCYtuI+8qSBN2lCTuBQs=,SLGfTBKOUqWLt1AkmcbUZAGXV/8=
-10,-14,v/EQTd/eCYtuI+8qSBN2lCTuBQs=,Tj1dRbLhRyfvEQ5rE0BCyh7Eeqg=
-15,-12,v/EQTd/eCYtuI+8qSBN2lCTuBQs=,Tj1dRbLhRyfvEQ5rE0BCyh7Eeqg=
-12,-14,v/EQTd/eCYtuI+8qSBN2lCTuBQs=,Tj1dRbLhRyfvEQ5rE0BCyh7Eeqg=
-10,-9,v/EQTd/eCYtuI+8qSBN2lCTuBQs=,Tj1dRbLhRyfvEQ5rE0BCyh7Eeqg=
-13,-14,v/EQTd/eCYtuI+8qSBN2lCTuBQs=,Tj1dRbLhRyfvEQ5rE0BCyh7Eeqg=
-2,-5,v/EQTd/eCYtuI+8qSBN2lCTuBQs=,SLGfTBKOUqWLt1AkmcbUZAGXV/8=
-14,-14,v/EQTd/eCYtuI+8qSBN2lCTuBQs=,Tj1dRbLhRyfvEQ5rE0BCyh7Eeqg=
-14,-12,v/EQTd/eCYtuI+8qSBN2lCTuBQs=,Tj1dRbLhRyfvEQ5rE0BCyh7Eeqg=
-9,-7,2JNKHeFzDl+yEocln4t7erUaXEo=,AnMtimDbpI1J0fxtMFmzhm93sUg=
-11,-9,v/EQTd/eCYtuI+8qSBN2lCTuBQs=,Tj1dRbLhRyfvEQ5rE0BCyh7Eeqg=
-3,-1,v/EQTd/eCYtuI+8qSBN2lCTuBQs=,SLGfTBKOUqWLt1AkmcbUZAGXV/8=
-4,-2,v/EQTd/eCYtuI+8qSBN2lCTuBQs=,SLGfTBKOUqWLt1AkmcbUZAGXV/8=
-12,-9,v/EQTd/eCYtuI+8qSBN2lCTuBQs=,Tj1dRbLhRyfvEQ5rE0BCyh7Eeqg=
-13,-12,v/EQTd/eCYtuI+8qSBN2lCTuBQs=,Tj1dRbLhRyfvEQ5rE0BCyh7Eeqg=
-3,-4,v/EQTd/eCYtuI+8qSBN2lCTuBQs=,SLGfTBKOUqWLt1AkmcbUZAGXV/8=
-15,-14,v/EQTd/eCYtuI+8qSBN2lCTuBQs=,Tj1dRbLhRyfvEQ5rE0BCyh7Eeqg=
-5,-3,v/EQTd/eCYtuI+8qSBN2lCTuBQs=,SLGfTBKOUqWLt1AkmcbUZAGXV/8=
-13,-9,v/EQTd/eCYtuI+8qSBN2lCTuBQs=,Tj1dRbLhRyfvEQ5rE0BCyh7Eeqg=
-15,-9,v/EQTd/eCYtuI+8qSBN2lCTuBQs=,Tj1dRbLhRyfvEQ5rE0BCyh7Eeqg=
-7,-7,v/EQTd/eCYtuI+8qSBN2lCTuBQs=,SLGfTBKOUqWLt1AkmcbUZAGXV/8=
-16,-14,v/EQTd/eCYtuI+8qSBN2lCTuBQs=,Tj1dRbLhRyfvEQ5rE0BCyh7Eeqg=
-14,-9,v/EQTd/eCYtuI+8qSBN2lCTuBQs=,Tj1dRbLhRyfvEQ5rE0BCyh7Eeqg=
-12,-12,v/EQTd/eCYtuI+8qSBN2lCTuBQs=,Tj1dRbLhRyfvEQ5rE0BCyh7Eeqg=
-2,-1,v/EQTd/eCYtuI+8qSBN2lCTuBQs=,SLGfTBKOUqWLt1AkmcbUZAGXV/8=
-6,-7,v/EQTd/eCYtuI+8qSBN2lCTuBQs=,SLGfTBKOUqWLt1AkmcbUZAGXV/8=
-11,-15,v/EQTd/eCYtuI+8qSBN2lCTuBQs=,Tj1dRbLhRyfvEQ5rE0BCyh7Eeqg=
-8,-5,v/EQTd/eCYtuI+8qSBN2lCTuBQs=,SLGfTBKOUqWLt1AkmcbUZAGXV/8=
-12,-15,v/EQTd/eCYtuI+8qSBN2lCTuBQs=,Tj1dRbLhRyfvEQ5rE0BCyh7Eeqg=
-9,-3,2JNKHeFzDl+yEocln4t7erUaXEo=,AnMtimDbpI1J0fxtMFmzhm93sUg=
-6,-3,v/EQTd/eCYtuI+8qSBN2lCTuBQs=,SLGfTBKOUqWLt1AkmcbUZAGXV/8=
-13,-15,v/EQTd/eCYtuI+8qSBN2lCTuBQs=,Tj1dRbLhRyfvEQ5rE0BCyh7Eeqg=
-11,-12,v/EQTd/eCYtuI+8qSBN2lCTuBQs=,Tj1dRbLhRyfvEQ5rE0BCyh7Eeqg=
-14,-15,v/EQTd/eCYtuI+8qSBN2lCTuBQs=,Tj1dRbLhRyfvEQ5rE0BCyh7Eeqg=
-1,-5,v/EQTd/eCYtuI+8qSBN2lCTuBQs=,SLGfTBKOUqWLt1AkmcbUZAGXV/8=
-5,-2,v/EQTd/eCYtuI+8qSBN2lCTuBQs=,SLGfTBKOUqWLt1AkmcbUZAGXV/8=
-8,-7,v/EQTd/eCYtuI+8qSBN2lCTuBQs=,SLGfTBKOUqWLt1AkmcbUZAGXV/8=
-4,-4,v/EQTd/eCYtuI+8qSBN2lCTuBQs=,SLGfTBKOUqWLt1AkmcbUZAGXV/8=
-10,-12,v/EQTd/eCYtuI+8qSBN2lCTuBQs=,Tj1dRbLhRyfvEQ5rE0BCyh7Eeqg=
-15,-15,v/EQTd/eCYtuI+8qSBN2lCTuBQs=,Tj1dRbLhRyfvEQ5rE0BCyh7Eeqg=
-3,-5,v/EQTd/eCYtuI+8qSBN2lCTuBQs=,SLGfTBKOUqWLt1AkmcbUZAGXV/8=
-10,-10,v/EQTd/eCYtuI+8qSBN2lCTuBQs=,Tj1dRbLhRyfvEQ5rE0BCyh7Eeqg=
-9,-4,2JNKHeFzDl+yEocln4t7erUaXEo=,AnMtimDbpI1J0fxtMFmzhm93sUg=
-16,-15,v/EQTd/eCYtuI+8qSBN2lCTuBQs=,Tj1dRbLhRyfvEQ5rE0BCyh7Eeqg=
-10,-15,v/EQTd/eCYtuI+8qSBN2lCTuBQs=,Tj1dRbLhRyfvEQ5rE0BCyh7Eeqg=
-16,-11,v/EQTd/eCYtuI+8qSBN2lCTuBQs=,Tj1dRbLhRyfvEQ5rE0BCyh7Eeqg=
-2,-3,v/EQTd/eCYtuI+8qSBN2lCTuBQs=,SLGfTBKOUqWLt1AkmcbUZAGXV/8=
-10,-8,2JNKHeFzDl+yEocln4t7erUaXEo=,AnMtimDbpI1J0fxtMFmzhm93sUg=
-15,-11,v/EQTd/eCYtuI+8qSBN2lCTuBQs=,Tj1dRbLhRyfvEQ5rE0BCyh7Eeqg=
-5,-4,v/EQTd/eCYtuI+8qSBN2lCTuBQs=,SLGfTBKOUqWLt1AkmcbUZAGXV/8=
-11,-10,v/EQTd/eCYtuI+8qSBN2lCTuBQs=,Tj1dRbLhRyfvEQ5rE0BCyh7Eeqg=
-14,-11,v/EQTd/eCYtuI+8qSBN2lCTuBQs=,Tj1dRbLhRyfvEQ5rE0BCyh7Eeqg=
-8,-4,v/EQTd/eCYtuI+8qSBN2lCTuBQs=,SLGfTBKOUqWLt1AkmcbUZAGXV/8=
-6,-2,v/EQTd/eCYtuI+8qSBN2lCTuBQs=,SLGfTBKOUqWLt1AkmcbUZAGXV/8=
-12,-8,2JNKHeFzDl+yEocln4t7erUaXEo=,AnMtimDbpI1J0fxtMFmzhm93sUg=
-6,-4,v/EQTd/eCYtuI+8qSBN2lCTuBQs=,SLGfTBKOUqWLt1AkmcbUZAGXV/8=
-13,-11,v/EQTd/eCYtuI+8qSBN2lCTuBQs=,Tj1dRbLhRyfvEQ5rE0BCyh7Eeqg=
-7,-2,v/EQTd/eCYtuI+8qSBN2lCTuBQs=,SLGfTBKOUqWLt1AkmcbUZAGXV/8=
-11,-8,2JNKHeFzDl+yEocln4t7erUaXEo=,AnMtimDbpI1J0fxtMFmzhm93sUg=
-14,-8,2JNKHeFzDl+yEocln4t7erUaXEo=,AnMtimDbpI1J0fxtMFmzhm93sUg=
-13,-8,2JNKHeFzDl+yEocln4t7erUaXEo=,AnMtimDbpI1J0fxtMFmzhm93sUg=
-8,-3,v/EQTd/eCYtuI+8qSBN2lCTuBQs=,SLGfTBKOUqWLt1AkmcbUZAGXV/8=
-7,-3,v/EQTd/eCYtuI+8qSBN2lCTuBQs=,SLGfTBKOUqWLt1AkmcbUZAGXV/8=
-15,-8,2JNKHeFzDl+yEocln4t7erUaXEo=,AnMtimDbpI1J0fxtMFmzhm93sUg=
-1,-3,v/EQTd/eCYtuI+8qSBN2lCTuBQs=,SLGfTBKOUqWLt1AkmcbUZAGXV/8=
-12,-10,v/EQTd/eCYtuI+8qSBN2lCTuBQs=,Tj1dRbLhRyfvEQ5rE0BCyh7Eeqg=
-4,-5,v/EQTd/eCYtuI+8qSBN2lCTuBQs=,SLGfTBKOUqWLt1AkmcbUZAGXV/8=
-15,-10,v/EQTd/eCYtuI+8qSBN2lCTuBQs=,Tj1dRbLhRyfvEQ5rE0BCyh7Eeqg=
-16,-10,v/EQTd/eCYtuI+8qSBN2lCTuBQs=,Tj1dRbLhRyfvEQ5rE0BCyh7Eeqg=
-14,-10,v/EQTd/eCYtuI+8qSBN2lCTuBQs=,Tj1dRbLhRyfvEQ5rE0BCyh7Eeqg=
-13,-10,v/EQTd/eCYtuI+8qSBN2lCTuBQs=,Tj1dRbLhRyfvEQ5rE0BCyh7Eeqg=
-5,-7,v/EQTd/eCYtuI+8qSBN2lCTuBQs=,SLGfTBKOUqWLt1AkmcbUZAGXV/8=
-12,-11,v/EQTd/eCYtuI+8qSBN2lCTuBQs=,Tj1dRbLhRyfvEQ5rE0BCyh7Eeqg=
-1,-6,v/EQTd/eCYtuI+8qSBN2lCTuBQs=,SLGfTBKOUqWLt1AkmcbUZAGXV/8=
-11,-11,v/EQTd/eCYtuI+8qSBN2lCTuBQs=,Tj1dRbLhRyfvEQ5rE0BCyh7Eeqg=
-8,-2,v/EQTd/eCYtuI+8qSBN2lCTuBQs=,SLGfTBKOUqWLt1AkmcbUZAGXV/8=
-2,-6,v/EQTd/eCYtuI+8qSBN2lCTuBQs=,SLGfTBKOUqWLt1AkmcbUZAGXV/8=
-3,-6,v/EQTd/eCYtuI+8qSBN2lCTuBQs=,SLGfTBKOUqWLt1AkmcbUZAGXV/8=
-10,-11,v/EQTd/eCYtuI+8qSBN2lCTuBQs=,Tj1dRbLhRyfvEQ5rE0BCyh7Eeqg=
-4,-6,v/EQTd/eCYtuI+8qSBN2lCTuBQs=,SLGfTBKOUqWLt1AkmcbUZAGXV/8=
-9,-5,2JNKHeFzDl+yEocln4t7erUaXEo=,AnMtimDbpI1J0fxtMFmzhm93sUg=
-7,-4,v/EQTd/eCYtuI+8qSBN2lCTuBQs=,SLGfTBKOUqWLt1AkmcbUZAGXV/8=
-6,-6,v/EQTd/eCYtuI+8qSBN2lCTuBQs=,SLGfTBKOUqWLt1AkmcbUZAGXV/8=
-4,-7,v/EQTd/eCYtuI+8qSBN2lCTuBQs=,SLGfTBKOUqWLt1AkmcbUZAGXV/8=
-5,-6,v/EQTd/eCYtuI+8qSBN2lCTuBQs=,SLGfTBKOUqWLt1AkmcbUZAGXV/8=
-1,-4,v/EQTd/eCYtuI+8qSBN2lCTuBQs=,SLGfTBKOUqWLt1AkmcbUZAGXV/8=
-7,-6,v/EQTd/eCYtuI+8qSBN2lCTuBQs=,SLGfTBKOUqWLt1AkmcbUZAGXV/8=
-3,-7,v/EQTd/eCYtuI+8qSBN2lCTuBQs=,SLGfTBKOUqWLt1AkmcbUZAGXV/8=
-16,-4,2JNKHeFzDl+yEocln4t7erUaXEo=,AnMtimDbpI1J0fxtMFmzhm93sUg=
-16,-16,kZUOOjRnoz5zu1Ck/+CwU4++zJI=,Tj1dRbLhRyfvEQ5rE0BCyh7Eeqg=
-16,-3,2JNKHeFzDl+yEocln4t7erUaXEo=,AnMtimDbpI1J0fxtMFmzhm93sUg=
-15,-16,v/EQTd/eCYtuI+8qSBN2lCTuBQs=,Tj1dRbLhRyfvEQ5rE0BCyh7Eeqg=
-16,-8,2JNKHeFzDl+yEocln4t7erUaXEo=,AnMtimDbpI1J0fxtMFmzhm93sUg=
-16,-2,2JNKHeFzDl+yEocln4t7erUaXEo=,AnMtimDbpI1J0fxtMFmzhm93sUg=
-16,-1,2JNKHeFzDl+yEocln4t7erUaXEo=,AnMtimDbpI1J0fxtMFmzhm93sUg=
-16,-9,v/EQTd/eCYtuI+8qSBN2lCTuBQs=,Tj1dRbLhRyfvEQ5rE0BCyh7Eeqg=
-16,-5,2JNKHeFzDl+yEocln4t7erUaXEo=,AnMtimDbpI1J0fxtMFmzhm93sUg=
-16,-6,2JNKHeFzDl+yEocln4t7erUaXEo=,AnMtimDbpI1J0fxtMFmzhm93sUg=
-12,-16,v/EQTd/eCYtuI+8qSBN2lCTuBQs=,Tj1dRbLhRyfvEQ5rE0BCyh7Eeqg=
-11,-16,v/EQTd/eCYtuI+8qSBN2lCTuBQs=,Tj1dRbLhRyfvEQ5rE0BCyh7Eeqg=
-14,-16,v/EQTd/eCYtuI+8qSBN2lCTuBQs=,Tj1dRbLhRyfvEQ5rE0BCyh7Eeqg=
-10,-16,v/EQTd/eCYtuI+8qSBN2lCTuBQs=,Tj1dRbLhRyfvEQ5rE0BCyh7Eeqg=
-16,-7,2JNKHeFzDl+yEocln4t7erUaXEo=,AnMtimDbpI1J0fxtMFmzhm93sUg=
-13,-16,v/EQTd/eCYtuI+8qSBN2lCTuBQs=,Tj1dRbLhRyfvEQ5rE0BCyh7Eeqg=
-1,-1,v/EQTd/eCYtuI+8qSBN2lCTuBQs=,SLGfTBKOUqWLt1AkmcbUZAGXV/8=
-8,-8,v/EQTd/eCYtuI+8qSBN2lCTuBQs=,SLGfTBKOUqWLt1AkmcbUZAGXV/8=
-4,-8,v/EQTd/eCYtuI+8qSBN2lCTuBQs=,SLGfTBKOUqWLt1AkmcbUZAGXV/8=
-5,-8,v/EQTd/eCYtuI+8qSBN2lCTuBQs=,SLGfTBKOUqWLt1AkmcbUZAGXV/8=
-6,-11,v/EQTd/eCYtuI+8qSBN2lCTuBQs=,A9YqYjX2yH8jtqDhLx4RyggKJdE=
-7,-11,v/EQTd/eCYtuI+8qSBN2lCTuBQs=,A9YqYjX2yH8jtqDhLx4RyggKJdE=
-9,-14,v/EQTd/eCYtuI+8qSBN2lCTuBQs=,Tj1dRbLhRyfvEQ5rE0BCyh7Eeqg=
-5,-11,v/EQTd/eCYtuI+8qSBN2lCTuBQs=,A9YqYjX2yH8jtqDhLx4RyggKJdE=
-2,-12,v/EQTd/eCYtuI+8qSBN2lCTuBQs=,A9YqYjX2yH8jtqDhLx4RyggKJdE=
-8,-11,v/EQTd/eCYtuI+8qSBN2lCTuBQs=,A9YqYjX2yH8jtqDhLx4RyggKJdE=
-9,-8,2JNKHeFzDl+yEocln4t7erUaXEo=,AnMtimDbpI1J0fxtMFmzhm93sUg=
-4,-11,v/EQTd/eCYtuI+8qSBN2lCTuBQs=,A9YqYjX2yH8jtqDhLx4RyggKJdE=
-1,-12,v/EQTd/eCYtuI+8qSBN2lCTuBQs=,A9YqYjX2yH8jtqDhLx4RyggKJdE=
-9,-10,v/EQTd/eCYtuI+8qSBN2lCTuBQs=,Tj1dRbLhRyfvEQ5rE0BCyh7Eeqg=
-9,-9,v/EQTd/eCYtuI+8qSBN2lCTuBQs=,Tj1dRbLhRyfvEQ5rE0BCyh7Eeqg=
-9,-15,v/EQTd/eCYtuI+8qSBN2lCTuBQs=,Tj1dRbLhRyfvEQ5rE0BCyh7Eeqg=
-3,-12,v/EQTd/eCYtuI+8qSBN2lCTuBQs=,A9YqYjX2yH8jtqDhLx4RyggKJdE=
-3,-8,v/EQTd/eCYtuI+8qSBN2lCTuBQs=,SLGfTBKOUqWLt1AkmcbUZAGXV/8=
-6,-12,v/EQTd/eCYtuI+8qSBN2lCTuBQs=,A9YqYjX2yH8jtqDhLx4RyggKJdE=
-9,-16,v/EQTd/eCYtuI+8qSBN2lCTuBQs=,Tj1dRbLhRyfvEQ5rE0BCyh7Eeqg=
-4,-12,v/EQTd/eCYtuI+8qSBN2lCTuBQs=,A9YqYjX2yH8jtqDhLx4RyggKJdE=
-8,-12,v/EQTd/eCYtuI+8qSBN2lCTuBQs=,A9YqYjX2yH8jtqDhLx4RyggKJdE=
-5,-12,v/EQTd/eCYtuI+8qSBN2lCTuBQs=,A9YqYjX2yH8jtqDhLx4RyggKJdE=
-1,-13,v/EQTd/eCYtuI+8qSBN2lCTuBQs=,A9YqYjX2yH8jtqDhLx4RyggKJdE=
-2,-13,v/EQTd/eCYtuI+8qSBN2lCTuBQs=,A9YqYjX2yH8jtqDhLx4RyggKJdE=
-3,-13,v/EQTd/eCYtuI+8qSBN2lCTuBQs=,A9YqYjX2yH8jtqDhLx4RyggKJdE=
-7,-13,v/EQTd/eCYtuI+8qSBN2lCTuBQs=,A9YqYjX2yH8jtqDhLx4RyggKJdE=
-4,-13,v/EQTd/eCYtuI+8qSBN2lCTuBQs=,A9YqYjX2yH8jtqDhLx4RyggKJdE=
-5,-13,v/EQTd/eCYtuI+8qSBN2lCTuBQs=,A9YqYjX2yH8jtqDhLx4RyggKJdE=
-6,-13,v/EQTd/eCYtuI+8qSBN2lCTuBQs=,A9YqYjX2yH8jtqDhLx4RyggKJdE=
-8,-16,v/EQTd/eCYtuI+8qSBN2lCTuBQs=,A9YqYjX2yH8jtqDhLx4RyggKJdE=
-8,-13,v/EQTd/eCYtuI+8qSBN2lCTuBQs=,A9YqYjX2yH8jtqDhLx4RyggKJdE=
-1,-14,v/EQTd/eCYtuI+8qSBN2lCTuBQs=,A9YqYjX2yH8jtqDhLx4RyggKJdE=
-2,-14,v/EQTd/eCYtuI+8qSBN2lCTuBQs=,A9YqYjX2yH8jtqDhLx4RyggKJdE=
-2,-9,v/EQTd/eCYtuI+8qSBN2lCTuBQs=,A9YqYjX2yH8jtqDhLx4RyggKJdE=
-4,-14,v/EQTd/eCYtuI+8qSBN2lCTuBQs=,A9YqYjX2yH8jtqDhLx4RyggKJdE=
-1,-9,v/EQTd/eCYtuI+8qSBN2lCTuBQs=,A9YqYjX2yH8jtqDhLx4RyggKJdE=
-3,-9,v/EQTd/eCYtuI+8qSBN2lCTuBQs=,A9YqYjX2yH8jtqDhLx4RyggKJdE=
-5,-14,v/EQTd/eCYtuI+8qSBN2lCTuBQs=,A9YqYjX2yH8jtqDhLx4RyggKJdE=
-7,-16,v/EQTd/eCYtuI+8qSBN2lCTuBQs=,A9YqYjX2yH8jtqDhLx4RyggKJdE=
-6,-14,v/EQTd/eCYtuI+8qSBN2lCTuBQs=,A9YqYjX2yH8jtqDhLx4RyggKJdE=
-6,-9,v/EQTd/eCYtuI+8qSBN2lCTuBQs=,A9YqYjX2yH8jtqDhLx4RyggKJdE=
-8,-9,v/EQTd/eCYtuI+8qSBN2lCTuBQs=,A9YqYjX2yH8jtqDhLx4RyggKJdE=
-7,-9,v/EQTd/eCYtuI+8qSBN2lCTuBQs=,A9YqYjX2yH8jtqDhLx4RyggKJdE=
-4,-9,v/EQTd/eCYtuI+8qSBN2lCTuBQs=,A9YqYjX2yH8jtqDhLx4RyggKJdE=
-7,-14,v/EQTd/eCYtuI+8qSBN2lCTuBQs=,A9YqYjX2yH8jtqDhLx4RyggKJdE=
-3,-14,v/EQTd/eCYtuI+8qSBN2lCTuBQs=,A9YqYjX2yH8jtqDhLx4RyggKJdE=
-8,-14,v/EQTd/eCYtuI+8qSBN2lCTuBQs=,A9YqYjX2yH8jtqDhLx4RyggKJdE=
-1,-15,v/EQTd/eCYtuI+8qSBN2lCTuBQs=,A9YqYjX2yH8jtqDhLx4RyggKJdE=
-5,-9,v/EQTd/eCYtuI+8qSBN2lCTuBQs=,A9YqYjX2yH8jtqDhLx4RyggKJdE=
-6,-16,v/EQTd/eCYtuI+8qSBN2lCTuBQs=,A9YqYjX2yH8jtqDhLx4RyggKJdE=
-1,-10,v/EQTd/eCYtuI+8qSBN2lCTuBQs=,A9YqYjX2yH8jtqDhLx4RyggKJdE=
-9,-11,v/EQTd/eCYtuI+8qSBN2lCTuBQs=,Tj1dRbLhRyfvEQ5rE0BCyh7Eeqg=
-3,-10,v/EQTd/eCYtuI+8qSBN2lCTuBQs=,A9YqYjX2yH8jtqDhLx4RyggKJdE=
-2,-10,v/EQTd/eCYtuI+8qSBN2lCTuBQs=,A9YqYjX2yH8jtqDhLx4RyggKJdE=
-4,-10,v/EQTd/eCYtuI+8qSBN2lCTuBQs=,A9YqYjX2yH8jtqDhLx4RyggKJdE=
-5,-10,v/EQTd/eCYtuI+8qSBN2lCTuBQs=,A9YqYjX2yH8jtqDhLx4RyggKJdE=
-2,-15,v/EQTd/eCYtuI+8qSBN2lCTuBQs=,A9YqYjX2yH8jtqDhLx4RyggKJdE=
-6,-10,v/EQTd/eCYtuI+8qSBN2lCTuBQs=,A9YqYjX2yH8jtqDhLx4RyggKJdE=
-7,-8,v/EQTd/eCYtuI+8qSBN2lCTuBQs=,SLGfTBKOUqWLt1AkmcbUZAGXV/8=
-6,-8,v/EQTd/eCYtuI+8qSBN2lCTuBQs=,SLGfTBKOUqWLt1AkmcbUZAGXV/8=
-9,-13,v/EQTd/eCYtuI+8qSBN2lCTuBQs=,Tj1dRbLhRyfvEQ5rE0BCyh7Eeqg=
-8,-10,v/EQTd/eCYtuI+8qSBN2lCTuBQs=,A9YqYjX2yH8jtqDhLx4RyggKJdE=
-2,-8,v/EQTd/eCYtuI+8qSBN2lCTuBQs=,SLGfTBKOUqWLt1AkmcbUZAGXV/8=
-1,-8,v/EQTd/eCYtuI+8qSBN2lCTuBQs=,SLGfTBKOUqWLt1AkmcbUZAGXV/8=
-7,-10,v/EQTd/eCYtuI+8qSBN2lCTuBQs=,A9YqYjX2yH8jtqDhLx4RyggKJdE=
-9,-12,v/EQTd/eCYtuI+8qSBN2lCTuBQs=,Tj1dRbLhRyfvEQ5rE0BCyh7Eeqg=
-3,-15,v/EQTd/eCYtuI+8qSBN2lCTuBQs=,A9YqYjX2yH8jtqDhLx4RyggKJdE=
-4,-15,v/EQTd/eCYtuI+8qSBN2lCTuBQs=,A9YqYjX2yH8jtqDhLx4RyggKJdE=
-1,-11,v/EQTd/eCYtuI+8qSBN2lCTuBQs=,A9YqYjX2yH8jtqDhLx4RyggKJdE=
-5,-15,v/EQTd/eCYtuI+8qSBN2lCTuBQs=,A9YqYjX2yH8jtqDhLx4RyggKJdE=
-5,-16,v/EQTd/eCYtuI+8qSBN2lCTuBQs=,A9YqYjX2yH8jtqDhLx4RyggKJdE=
-2,-11,v/EQTd/eCYtuI+8qSBN2lCTuBQs=,A9YqYjX2yH8jtqDhLx4RyggKJdE=
-3,-11,v/EQTd/eCYtuI+8qSBN2lCTuBQs=,A9YqYjX2yH8jtqDhLx4RyggKJdE=
-6,-15,v/EQTd/eCYtuI+8qSBN2lCTuBQs=,A9YqYjX2yH8jtqDhLx4RyggKJdE=
-7,-12,v/EQTd/eCYtuI+8qSBN2lCTuBQs=,A9YqYjX2yH8jtqDhLx4RyggKJdE=
-7,-15,v/EQTd/eCYtuI+8qSBN2lCTuBQs=,A9YqYjX2yH8jtqDhLx4RyggKJdE=
-1,-16,v/EQTd/eCYtuI+8qSBN2lCTuBQs=,A9YqYjX2yH8jtqDhLx4RyggKJdE=
-8,-15,v/EQTd/eCYtuI+8qSBN2lCTuBQs=,A9YqYjX2yH8jtqDhLx4RyggKJdE=
-4,-16,v/EQTd/eCYtuI+8qSBN2lCTuBQs=,A9YqYjX2yH8jtqDhLx4RyggKJdE=
-2,-16,v/EQTd/eCYtuI+8qSBN2lCTuBQs=,A9YqYjX2yH8jtqDhLx4RyggKJdE=
-3,-16,v/EQTd/eCYtuI+8qSBN2lCTuBQs=,A9YqYjX2yH8jtqDhLx4RyggKJdE=
-12,-27,RSXNwfSMDFUIHcasQvGHrSL9jP0=,1Cq/EhnPXLBvYY0jul0qOy38lQg=
-14,-27,0T6pQnRvm9LNSCm170DsDlkygts=,1Cq/EhnPXLBvYY0jul0qOy38lQg=
-13,-27,0T6pQnRvm9LNSCm170DsDlkygts=,1Cq/EhnPXLBvYY0jul0qOy38lQg=
-15,-27,0T6pQnRvm9LNSCm170DsDlkygts=,1Cq/EhnPXLBvYY0jul0qOy38lQg=
-14,-28,ngVDF6VhQTj2Dlwnjf7EzeMufmI=,1Cq/EhnPXLBvYY0jul0qOy38lQg=
-13,-28,ngVDF6VhQTj2Dlwnjf7EzeMufmI=,1Cq/EhnPXLBvYY0jul0qOy38lQg=
-12,-28,ngVDF6VhQTj2Dlwnjf7EzeMufmI=,1Cq/EhnPXLBvYY0jul0qOy38lQg=
-11,-28,ngVDF6VhQTj2Dlwnjf7EzeMufmI=,1Cq/EhnPXLBvYY0jul0qOy38lQg=
-10,-28,ngVDF6VhQTj2Dlwnjf7EzeMufmI=,1Cq/EhnPXLBvYY0jul0qOy38lQg=
-15,-28,ngVDF6VhQTj2Dlwnjf7EzeMufmI=,1Cq/EhnPXLBvYY0jul0qOy38lQg=
-10,-29,ngVDF6VhQTj2Dlwnjf7EzeMufmI=,1Cq/EhnPXLBvYY0jul0qOy38lQg=
-11,-29,ngVDF6VhQTj2Dlwnjf7EzeMufmI=,1Cq/EhnPXLBvYY0jul0qOy38lQg=
-12,-29,ngVDF6VhQTj2Dlwnjf7EzeMufmI=,1Cq/EhnPXLBvYY0jul0qOy38lQg=
-13,-29,ngVDF6VhQTj2Dlwnjf7EzeMufmI=,1Cq/EhnPXLBvYY0jul0qOy38lQg=
-15,-29,ngVDF6VhQTj2Dlwnjf7EzeMufmI=,1Cq/EhnPXLBvYY0jul0qOy38lQg=
-14,-29,ngVDF6VhQTj2Dlwnjf7EzeMufmI=,1Cq/EhnPXLBvYY0jul0qOy38lQg=
-10,-30,ngVDF6VhQTj2Dlwnjf7EzeMufmI=,1Cq/EhnPXLBvYY0jul0qOy38lQg=
-13,-30,ngVDF6VhQTj2Dlwnjf7EzeMufmI=,1Cq/EhnPXLBvYY0jul0qOy38lQg=
-12,-30,ngVDF6VhQTj2Dlwnjf7EzeMufmI=,1Cq/EhnPXLBvYY0jul0qOy38lQg=
-14,-30,ngVDF6VhQTj2Dlwnjf7EzeMufmI=,1Cq/EhnPXLBvYY0jul0qOy38lQg=
-11,-30,ngVDF6VhQTj2Dlwnjf7EzeMufmI=,1Cq/EhnPXLBvYY0jul0qOy38lQg=
-15,-30,ngVDF6VhQTj2Dlwnjf7EzeMufmI=,1Cq/EhnPXLBvYY0jul0qOy38lQg=
-10,-31,ngVDF6VhQTj2Dlwnjf7EzeMufmI=,1Cq/EhnPXLBvYY0jul0qOy38lQg=
-11,-31,ngVDF6VhQTj2Dlwnjf7EzeMufmI=,1Cq/EhnPXLBvYY0jul0qOy38lQg=
-14,-31,ngVDF6VhQTj2Dlwnjf7EzeMufmI=,1Cq/EhnPXLBvYY0jul0qOy38lQg=
-12,-31,ngVDF6VhQTj2Dlwnjf7EzeMufmI=,1Cq/EhnPXLBvYY0jul0qOy38lQg=
-10,-26,ngVDF6VhQTj2Dlwnjf7EzeMufmI=,1Cq/EhnPXLBvYY0jul0qOy38lQg=
-11,-26,ngVDF6VhQTj2Dlwnjf7EzeMufmI=,1Cq/EhnPXLBvYY0jul0qOy38lQg=
-15,-31,ngVDF6VhQTj2Dlwnjf7EzeMufmI=,1Cq/EhnPXLBvYY0jul0qOy38lQg=
-13,-31,ngVDF6VhQTj2Dlwnjf7EzeMufmI=,1Cq/EhnPXLBvYY0jul0qOy38lQg=
-12,-26,ngVDF6VhQTj2Dlwnjf7EzeMufmI=,1Cq/EhnPXLBvYY0jul0qOy38lQg=
-10,-27,ngVDF6VhQTj2Dlwnjf7EzeMufmI=,1Cq/EhnPXLBvYY0jul0qOy38lQg=
-11,-27,ngVDF6VhQTj2Dlwnjf7EzeMufmI=,1Cq/EhnPXLBvYY0jul0qOy38lQg=
-15,-26,ngVDF6VhQTj2Dlwnjf7EzeMufmI=,1Cq/EhnPXLBvYY0jul0qOy38lQg=
-13,-26,ngVDF6VhQTj2Dlwnjf7EzeMufmI=,1Cq/EhnPXLBvYY0jul0qOy38lQg=
-14,-26,ngVDF6VhQTj2Dlwnjf7EzeMufmI=,1Cq/EhnPXLBvYY0jul0qOy38lQg=
-9,-27,ngVDF6VhQTj2Dlwnjf7EzeMufmI=,1Cq/EhnPXLBvYY0jul0qOy38lQg=
-8,-31,35NhBd/RoJZUb6Msx1v9ftpe2yA=,6J+2zM4dpnjP08CN0Bm3ayd4uuI=
-7,-31,35NhBd/RoJZUb6Msx1v9ftpe2yA=,6J+2zM4dpnjP08CN0Bm3ayd4uuI=
-9,-26,ngVDF6VhQTj2Dlwnjf7EzeMufmI=,1Cq/EhnPXLBvYY0jul0qOy38lQg=
-5,-31,35NhBd/RoJZUb6Msx1v9ftpe2yA=,6J+2zM4dpnjP08CN0Bm3ayd4uuI=
-4,-31,35NhBd/RoJZUb6Msx1v9ftpe2yA=,6J+2zM4dpnjP08CN0Bm3ayd4uuI=
-3,-31,35NhBd/RoJZUb6Msx1v9ftpe2yA=,6J+2zM4dpnjP08CN0Bm3ayd4uuI=
-6,-31,35NhBd/RoJZUb6Msx1v9ftpe2yA=,6J+2zM4dpnjP08CN0Bm3ayd4uuI=
-2,-31,35NhBd/RoJZUb6Msx1v9ftpe2yA=,6J+2zM4dpnjP08CN0Bm3ayd4uuI=
-8,-30,35NhBd/RoJZUb6Msx1v9ftpe2yA=,6J+2zM4dpnjP08CN0Bm3ayd4uuI=
-7,-30,35NhBd/RoJZUb6Msx1v9ftpe2yA=,6J+2zM4dpnjP08CN0Bm3ayd4uuI=
-6,-30,35NhBd/RoJZUb6Msx1v9ftpe2yA=,6J+2zM4dpnjP08CN0Bm3ayd4uuI=
-5,-30,35NhBd/RoJZUb6Msx1v9ftpe2yA=,6J+2zM4dpnjP08CN0Bm3ayd4uuI=
-4,-30,35NhBd/RoJZUb6Msx1v9ftpe2yA=,6J+2zM4dpnjP08CN0Bm3ayd4uuI=
-9,-28,ngVDF6VhQTj2Dlwnjf7EzeMufmI=,1Cq/EhnPXLBvYY0jul0qOy38lQg=
-2,-26,35NhBd/RoJZUb6Msx1v9ftpe2yA=,6J+2zM4dpnjP08CN0Bm3ayd4uuI=
-5,-26,35NhBd/RoJZUb6Msx1v9ftpe2yA=,6J+2zM4dpnjP08CN0Bm3ayd4uuI=
-9,-29,ngVDF6VhQTj2Dlwnjf7EzeMufmI=,1Cq/EhnPXLBvYY0jul0qOy38lQg=
-6,-26,35NhBd/RoJZUb6Msx1v9ftpe2yA=,6J+2zM4dpnjP08CN0Bm3ayd4uuI=
-9,-30,ngVDF6VhQTj2Dlwnjf7EzeMufmI=,1Cq/EhnPXLBvYY0jul0qOy38lQg=
-3,-30,35NhBd/RoJZUb6Msx1v9ftpe2yA=,6J+2zM4dpnjP08CN0Bm3ayd4uuI=
-7,-26,35NhBd/RoJZUb6Msx1v9ftpe2yA=,6J+2zM4dpnjP08CN0Bm3ayd4uuI=
-8,-26,35NhBd/RoJZUb6Msx1v9ftpe2yA=,6J+2zM4dpnjP08CN0Bm3ayd4uuI=
-2,-30,35NhBd/RoJZUb6Msx1v9ftpe2yA=,6J+2zM4dpnjP08CN0Bm3ayd4uuI=
-8,-29,35NhBd/RoJZUb6Msx1v9ftpe2yA=,6J+2zM4dpnjP08CN0Bm3ayd4uuI=
-7,-29,35NhBd/RoJZUb6Msx1v9ftpe2yA=,6J+2zM4dpnjP08CN0Bm3ayd4uuI=
-6,-29,35NhBd/RoJZUb6Msx1v9ftpe2yA=,6J+2zM4dpnjP08CN0Bm3ayd4uuI=
-5,-27,35NhBd/RoJZUb6Msx1v9ftpe2yA=,6J+2zM4dpnjP08CN0Bm3ayd4uuI=
-6,-27,35NhBd/RoJZUb6Msx1v9ftpe2yA=,6J+2zM4dpnjP08CN0Bm3ayd4uuI=
-5,-29,35NhBd/RoJZUb6Msx1v9ftpe2yA=,6J+2zM4dpnjP08CN0Bm3ayd4uuI=
-7,-27,8QDIOyNQpRLz+txfZcyBuCcPq8A=,6J+2zM4dpnjP08CN0Bm3ayd4uuI=
-8,-27,35NhBd/RoJZUb6Msx1v9ftpe2yA=,6J+2zM4dpnjP08CN0Bm3ayd4uuI=
-9,-31,ngVDF6VhQTj2Dlwnjf7EzeMufmI=,1Cq/EhnPXLBvYY0jul0qOy38lQg=
-4,-26,35NhBd/RoJZUb6Msx1v9ftpe2yA=,6J+2zM4dpnjP08CN0Bm3ayd4uuI=
-4,-29,35NhBd/RoJZUb6Msx1v9ftpe2yA=,6J+2zM4dpnjP08CN0Bm3ayd4uuI=
-2,-27,35NhBd/RoJZUb6Msx1v9ftpe2yA=,6J+2zM4dpnjP08CN0Bm3ayd4uuI=
-3,-29,35NhBd/RoJZUb6Msx1v9ftpe2yA=,6J+2zM4dpnjP08CN0Bm3ayd4uuI=
-3,-26,35NhBd/RoJZUb6Msx1v9ftpe2yA=,6J+2zM4dpnjP08CN0Bm3ayd4uuI=
-4,-27,35NhBd/RoJZUb6Msx1v9ftpe2yA=,6J+2zM4dpnjP08CN0Bm3ayd4uuI=
-3,-28,35NhBd/RoJZUb6Msx1v9ftpe2yA=,6J+2zM4dpnjP08CN0Bm3ayd4uuI=
-3,-27,35NhBd/RoJZUb6Msx1v9ftpe2yA=,6J+2zM4dpnjP08CN0Bm3ayd4uuI=
-5,-28,35NhBd/RoJZUb6Msx1v9ftpe2yA=,6J+2zM4dpnjP08CN0Bm3ayd4uuI=
-6,-28,35NhBd/RoJZUb6Msx1v9ftpe2yA=,6J+2zM4dpnjP08CN0Bm3ayd4uuI=
-7,-28,35NhBd/RoJZUb6Msx1v9ftpe2yA=,6J+2zM4dpnjP08CN0Bm3ayd4uuI=
-8,-28,35NhBd/RoJZUb6Msx1v9ftpe2yA=,6J+2zM4dpnjP08CN0Bm3ayd4uuI=
-4,-28,35NhBd/RoJZUb6Msx1v9ftpe2yA=,6J+2zM4dpnjP08CN0Bm3ayd4uuI=
-2,-28,35NhBd/RoJZUb6Msx1v9ftpe2yA=,6J+2zM4dpnjP08CN0Bm3ayd4uuI=
-2,-29,35NhBd/RoJZUb6Msx1v9ftpe2yA=,6J+2zM4dpnjP08CN0Bm3ayd4uuI=
-16,-27,ngVDF6VhQTj2Dlwnjf7EzeMufmI=,1Cq/EhnPXLBvYY0jul0qOy38lQg=
-16,-26,ngVDF6VhQTj2Dlwnjf7EzeMufmI=,1Cq/EhnPXLBvYY0jul0qOy38lQg=
-16,-31,ngVDF6VhQTj2Dlwnjf7EzeMufmI=,1Cq/EhnPXLBvYY0jul0qOy38lQg=
-16,-30,ngVDF6VhQTj2Dlwnjf7EzeMufmI=,1Cq/EhnPXLBvYY0jul0qOy38lQg=
-16,-29,ngVDF6VhQTj2Dlwnjf7EzeMufmI=,1Cq/EhnPXLBvYY0jul0qOy38lQg=
-16,-28,ngVDF6VhQTj2Dlwnjf7EzeMufmI=,1Cq/EhnPXLBvYY0jul0qOy38lQg=
-1,-31,35NhBd/RoJZUb6Msx1v9ftpe2yA=,6J+2zM4dpnjP08CN0Bm3ayd4uuI=
-1,-26,35NhBd/RoJZUb6Msx1v9ftpe2yA=,6J+2zM4dpnjP08CN0Bm3ayd4uuI=
-1,-30,35NhBd/RoJZUb6Msx1v9ftpe2yA=,6J+2zM4dpnjP08CN0Bm3ayd4uuI=
-1,-28,35NhBd/RoJZUb6Msx1v9ftpe2yA=,6J+2zM4dpnjP08CN0Bm3ayd4uuI=
-1,-27,35NhBd/RoJZUb6Msx1v9ftpe2yA=,6J+2zM4dpnjP08CN0Bm3ayd4uuI=
-1,-29,35NhBd/RoJZUb6Msx1v9ftpe2yA=,6J+2zM4dpnjP08CN0Bm3ayd4uuI=
-7,-32,35NhBd/RoJZUb6Msx1v9ftpe2yA=,6J+2zM4dpnjP08CN0Bm3ayd4uuI=
-6,-32,35NhBd/RoJZUb6Msx1v9ftpe2yA=,6J+2zM4dpnjP08CN0Bm3ayd4uuI=
-2,-32,35NhBd/RoJZUb6Msx1v9ftpe2yA=,6J+2zM4dpnjP08CN0Bm3ayd4uuI=
-5,-32,35NhBd/RoJZUb6Msx1v9ftpe2yA=,6J+2zM4dpnjP08CN0Bm3ayd4uuI=
-3,-32,35NhBd/RoJZUb6Msx1v9ftpe2yA=,6J+2zM4dpnjP08CN0Bm3ayd4uuI=
-4,-32,35NhBd/RoJZUb6Msx1v9ftpe2yA=,6J+2zM4dpnjP08CN0Bm3ayd4uuI=
-8,-32,8QDIOyNQpRLz+txfZcyBuCcPq8A=,6J+2zM4dpnjP08CN0Bm3ayd4uuI=
-15,-32,ngVDF6VhQTj2Dlwnjf7EzeMufmI=,1Cq/EhnPXLBvYY0jul0qOy38lQg=
-14,-32,ngVDF6VhQTj2Dlwnjf7EzeMufmI=,1Cq/EhnPXLBvYY0jul0qOy38lQg=
-9,-32,ngVDF6VhQTj2Dlwnjf7EzeMufmI=,1Cq/EhnPXLBvYY0jul0qOy38lQg=
-16,-32,ngVDF6VhQTj2Dlwnjf7EzeMufmI=,1Cq/EhnPXLBvYY0jul0qOy38lQg=
-10,-32,ngVDF6VhQTj2Dlwnjf7EzeMufmI=,1Cq/EhnPXLBvYY0jul0qOy38lQg=
-12,-32,ngVDF6VhQTj2Dlwnjf7EzeMufmI=,1Cq/EhnPXLBvYY0jul0qOy38lQg=
-1,-32,35NhBd/RoJZUb6Msx1v9ftpe2yA=,6J+2zM4dpnjP08CN0Bm3ayd4uuI=
-13,-32,ngVDF6VhQTj2Dlwnjf7EzeMufmI=,1Cq/EhnPXLBvYY0jul0qOy38lQg=
-11,-32,ngVDF6VhQTj2Dlwnjf7EzeMufmI=,1Cq/EhnPXLBvYY0jul0qOy38lQg=
-13,-21,35NhBd/RoJZUb6Msx1v9ftpe2yA=,28N2qnp9jtvn0carii4785ei5kQ=
-12,-21,35NhBd/RoJZUb6Msx1v9ftpe2yA=,28N2qnp9jtvn0carii4785ei5kQ=
-14,-21,35NhBd/RoJZUb6Msx1v9ftpe2yA=,28N2qnp9jtvn0carii4785ei5kQ=
-11,-21,35NhBd/RoJZUb6Msx1v9ftpe2yA=,28N2qnp9jtvn0carii4785ei5kQ=
-11,-17,35NhBd/RoJZUb6Msx1v9ftpe2yA=,28N2qnp9jtvn0carii4785ei5kQ=
-10,-17,35NhBd/RoJZUb6Msx1v9ftpe2yA=,28N2qnp9jtvn0carii4785ei5kQ=
-13,-17,35NhBd/RoJZUb6Msx1v9ftpe2yA=,28N2qnp9jtvn0carii4785ei5kQ=
-10,-22,35NhBd/RoJZUb6Msx1v9ftpe2yA=,28N2qnp9jtvn0carii4785ei5kQ=
-16,-21,35NhBd/RoJZUb6Msx1v9ftpe2yA=,28N2qnp9jtvn0carii4785ei5kQ=
-15,-21,35NhBd/RoJZUb6Msx1v9ftpe2yA=,28N2qnp9jtvn0carii4785ei5kQ=
-12,-17,35NhBd/RoJZUb6Msx1v9ftpe2yA=,28N2qnp9jtvn0carii4785ei5kQ=
-10,-21,35NhBd/RoJZUb6Msx1v9ftpe2yA=,28N2qnp9jtvn0carii4785ei5kQ=
-14,-17,35NhBd/RoJZUb6Msx1v9ftpe2yA=,28N2qnp9jtvn0carii4785ei5kQ=
-14,-22,35NhBd/RoJZUb6Msx1v9ftpe2yA=,28N2qnp9jtvn0carii4785ei5kQ=
-13,-22,35NhBd/RoJZUb6Msx1v9ftpe2yA=,28N2qnp9jtvn0carii4785ei5kQ=
-16,-22,35NhBd/RoJZUb6Msx1v9ftpe2yA=,28N2qnp9jtvn0carii4785ei5kQ=
-16,-17,35NhBd/RoJZUb6Msx1v9ftpe2yA=,28N2qnp9jtvn0carii4785ei5kQ=
-15,-22,35NhBd/RoJZUb6Msx1v9ftpe2yA=,28N2qnp9jtvn0carii4785ei5kQ=
-16,-25,ngVDF6VhQTj2Dlwnjf7EzeMufmI=,1Cq/EhnPXLBvYY0jul0qOy38lQg=
-11,-22,35NhBd/RoJZUb6Msx1v9ftpe2yA=,28N2qnp9jtvn0carii4785ei5kQ=
-15,-17,35NhBd/RoJZUb6Msx1v9ftpe2yA=,28N2qnp9jtvn0carii4785ei5kQ=
-12,-22,35NhBd/RoJZUb6Msx1v9ftpe2yA=,28N2qnp9jtvn0carii4785ei5kQ=
-10,-18,35NhBd/RoJZUb6Msx1v9ftpe2yA=,28N2qnp9jtvn0carii4785ei5kQ=
-11,-18,35NhBd/RoJZUb6Msx1v9ftpe2yA=,28N2qnp9jtvn0carii4785ei5kQ=
-12,-18,35NhBd/RoJZUb6Msx1v9ftpe2yA=,28N2qnp9jtvn0carii4785ei5kQ=
-13,-18,35NhBd/RoJZUb6Msx1v9ftpe2yA=,28N2qnp9jtvn0carii4785ei5kQ=
-16,-18,35NhBd/RoJZUb6Msx1v9ftpe2yA=,28N2qnp9jtvn0carii4785ei5kQ=
-15,-25,ngVDF6VhQTj2Dlwnjf7EzeMufmI=,1Cq/EhnPXLBvYY0jul0qOy38lQg=
-14,-18,35NhBd/RoJZUb6Msx1v9ftpe2yA=,28N2qnp9jtvn0carii4785ei5kQ=
-15,-18,35NhBd/RoJZUb6Msx1v9ftpe2yA=,28N2qnp9jtvn0carii4785ei5kQ=
-12,-23,35NhBd/RoJZUb6Msx1v9ftpe2yA=,28N2qnp9jtvn0carii4785ei5kQ=
-10,-23,35NhBd/RoJZUb6Msx1v9ftpe2yA=,28N2qnp9jtvn0carii4785ei5kQ=
-14,-23,35NhBd/RoJZUb6Msx1v9ftpe2yA=,28N2qnp9jtvn0carii4785ei5kQ=
-11,-19,35NhBd/RoJZUb6Msx1v9ftpe2yA=,28N2qnp9jtvn0carii4785ei5kQ=
-15,-23,35NhBd/RoJZUb6Msx1v9ftpe2yA=,28N2qnp9jtvn0carii4785ei5kQ=
-16,-23,35NhBd/RoJZUb6Msx1v9ftpe2yA=,28N2qnp9jtvn0carii4785ei5kQ=
-11,-23,35NhBd/RoJZUb6Msx1v9ftpe2yA=,28N2qnp9jtvn0carii4785ei5kQ=
-13,-23,35NhBd/RoJZUb6Msx1v9ftpe2yA=,28N2qnp9jtvn0carii4785ei5kQ=
-12,-19,35NhBd/RoJZUb6Msx1v9ftpe2yA=,28N2qnp9jtvn0carii4785ei5kQ=
-10,-19,35NhBd/RoJZUb6Msx1v9ftpe2yA=,28N2qnp9jtvn0carii4785ei5kQ=
-14,-25,ngVDF6VhQTj2Dlwnjf7EzeMufmI=,1Cq/EhnPXLBvYY0jul0qOy38lQg=
-13,-19,35NhBd/RoJZUb6Msx1v9ftpe2yA=,28N2qnp9jtvn0carii4785ei5kQ=
-10,-20,35NhBd/RoJZUb6Msx1v9ftpe2yA=,28N2qnp9jtvn0carii4785ei5kQ=
-14,-24,35NhBd/RoJZUb6Msx1v9ftpe2yA=,28N2qnp9jtvn0carii4785ei5kQ=
-11,-20,35NhBd/RoJZUb6Msx1v9ftpe2yA=,28N2qnp9jtvn0carii4785ei5kQ=
-16,-19,35NhBd/RoJZUb6Msx1v9ftpe2yA=,28N2qnp9jtvn0carii4785ei5kQ=
-10,-24,35NhBd/RoJZUb6Msx1v9ftpe2yA=,28N2qnp9jtvn0carii4785ei5kQ=
-13,-24,35NhBd/RoJZUb6Msx1v9ftpe2yA=,28N2qnp9jtvn0carii4785ei5kQ=
-12,-24,35NhBd/RoJZUb6Msx1v9ftpe2yA=,28N2qnp9jtvn0carii4785ei5kQ=
-14,-19,35NhBd/RoJZUb6Msx1v9ftpe2yA=,28N2qnp9jtvn0carii4785ei5kQ=
-15,-19,35NhBd/RoJZUb6Msx1v9ftpe2yA=,28N2qnp9jtvn0carii4785ei5kQ=
-16,-24,35NhBd/RoJZUb6Msx1v9ftpe2yA=,28N2qnp9jtvn0carii4785ei5kQ=
-10,-25,ngVDF6VhQTj2Dlwnjf7EzeMufmI=,1Cq/EhnPXLBvYY0jul0qOy38lQg=
-11,-24,35NhBd/RoJZUb6Msx1v9ftpe2yA=,28N2qnp9jtvn0carii4785ei5kQ=
-12,-20,35NhBd/RoJZUb6Msx1v9ftpe2yA=,28N2qnp9jtvn0carii4785ei5kQ=
-13,-20,35NhBd/RoJZUb6Msx1v9ftpe2yA=,28N2qnp9jtvn0carii4785ei5kQ=
-11,-25,ngVDF6VhQTj2Dlwnjf7EzeMufmI=,1Cq/EhnPXLBvYY0jul0qOy38lQg=
-13,-25,ngVDF6VhQTj2Dlwnjf7EzeMufmI=,1Cq/EhnPXLBvYY0jul0qOy38lQg=
-14,-20,35NhBd/RoJZUb6Msx1v9ftpe2yA=,28N2qnp9jtvn0carii4785ei5kQ=
-12,-25,ngVDF6VhQTj2Dlwnjf7EzeMufmI=,1Cq/EhnPXLBvYY0jul0qOy38lQg=
-15,-20,35NhBd/RoJZUb6Msx1v9ftpe2yA=,28N2qnp9jtvn0carii4785ei5kQ=
-15,-24,35NhBd/RoJZUb6Msx1v9ftpe2yA=,28N2qnp9jtvn0carii4785ei5kQ=
-16,-20,35NhBd/RoJZUb6Msx1v9ftpe2yA=,28N2qnp9jtvn0carii4785ei5kQ=
-7,-23,35NhBd/RoJZUb6Msx1v9ftpe2yA=,fi87F9F07wLsqIlHql3W8GnnXWg=
-4,-25,35NhBd/RoJZUb6Msx1v9ftpe2yA=,6J+2zM4dpnjP08CN0Bm3ayd4uuI=
-4,-18,35NhBd/RoJZUb6Msx1v9ftpe2yA=,fi87F9F07wLsqIlHql3W8GnnXWg=
-9,-17,35NhBd/RoJZUb6Msx1v9ftpe2yA=,28N2qnp9jtvn0carii4785ei5kQ=
-5,-17,35NhBd/RoJZUb6Msx1v9ftpe2yA=,fi87F9F07wLsqIlHql3W8GnnXWg=
-3,-18,35NhBd/RoJZUb6Msx1v9ftpe2yA=,fi87F9F07wLsqIlHql3W8GnnXWg=
-3,-19,35NhBd/RoJZUb6Msx1v9ftpe2yA=,fi87F9F07wLsqIlHql3W8GnnXWg=
-6,-17,35NhBd/RoJZUb6Msx1v9ftpe2yA=,fi87F9F07wLsqIlHql3W8GnnXWg=
-5,-18,35NhBd/RoJZUb6Msx1v9ftpe2yA=,fi87F9F07wLsqIlHql3W8GnnXWg=
-6,-25,35NhBd/RoJZUb6Msx1v9ftpe2yA=,6J+2zM4dpnjP08CN0Bm3ayd4uuI=
-7,-24,35NhBd/RoJZUb6Msx1v9ftpe2yA=,fi87F9F07wLsqIlHql3W8GnnXWg=
-7,-25,35NhBd/RoJZUb6Msx1v9ftpe2yA=,6J+2zM4dpnjP08CN0Bm3ayd4uuI=
-8,-17,35NhBd/RoJZUb6Msx1v9ftpe2yA=,fi87F9F07wLsqIlHql3W8GnnXWg=
-8,-25,35NhBd/RoJZUb6Msx1v9ftpe2yA=,6J+2zM4dpnjP08CN0Bm3ayd4uuI=
-5,-25,35NhBd/RoJZUb6Msx1v9ftpe2yA=,6J+2zM4dpnjP08CN0Bm3ayd4uuI=
-7,-17,35NhBd/RoJZUb6Msx1v9ftpe2yA=,fi87F9F07wLsqIlHql3W8GnnXWg=
-1,-18,35NhBd/RoJZUb6Msx1v9ftpe2yA=,fi87F9F07wLsqIlHql3W8GnnXWg=
-8,-23,35NhBd/RoJZUb6Msx1v9ftpe2yA=,fi87F9F07wLsqIlHql3W8GnnXWg=
-3,-25,35NhBd/RoJZUb6Msx1v9ftpe2yA=,6J+2zM4dpnjP08CN0Bm3ayd4uuI=
-2,-25,35NhBd/RoJZUb6Msx1v9ftpe2yA=,6J+2zM4dpnjP08CN0Bm3ayd4uuI=
-1,-20,35NhBd/RoJZUb6Msx1v9ftpe2yA=,fi87F9F07wLsqIlHql3W8GnnXWg=
-9,-22,35NhBd/RoJZUb6Msx1v9ftpe2yA=,28N2qnp9jtvn0carii4785ei5kQ=
-1,-24,35NhBd/RoJZUb6Msx1v9ftpe2yA=,fi87F9F07wLsqIlHql3W8GnnXWg=
-2,-24,35NhBd/RoJZUb6Msx1v9ftpe2yA=,fi87F9F07wLsqIlHql3W8GnnXWg=
-7,-20,35NhBd/RoJZUb6Msx1v9ftpe2yA=,fi87F9F07wLsqIlHql3W8GnnXWg=
-2,-18,35NhBd/RoJZUb6Msx1v9ftpe2yA=,fi87F9F07wLsqIlHql3W8GnnXWg=
-7,-18,35NhBd/RoJZUb6Msx1v9ftpe2yA=,fi87F9F07wLsqIlHql3W8GnnXWg=
-5,-22,35NhBd/RoJZUb6Msx1v9ftpe2yA=,fi87F9F07wLsqIlHql3W8GnnXWg=
-2,-20,35NhBd/RoJZUb6Msx1v9ftpe2yA=,fi87F9F07wLsqIlHql3W8GnnXWg=
-9,-23,35NhBd/RoJZUb6Msx1v9ftpe2yA=,28N2qnp9jtvn0carii4785ei5kQ=
-6,-18,35NhBd/RoJZUb6Msx1v9ftpe2yA=,fi87F9F07wLsqIlHql3W8GnnXWg=
-9,-18,35NhBd/RoJZUb6Msx1v9ftpe2yA=,28N2qnp9jtvn0carii4785ei5kQ=
-4,-19,35NhBd/RoJZUb6Msx1v9ftpe2yA=,fi87F9F07wLsqIlHql3W8GnnXWg=
-9,-24,35NhBd/RoJZUb6Msx1v9ftpe2yA=,28N2qnp9jtvn0carii4785ei5kQ=
-1,-22,35NhBd/RoJZUb6Msx1v9ftpe2yA=,fi87F9F07wLsqIlHql3W8GnnXWg=
-4,-24,35NhBd/RoJZUb6Msx1v9ftpe2yA=,fi87F9F07wLsqIlHql3W8GnnXWg=
-5,-24,35NhBd/RoJZUb6Msx1v9ftpe2yA=,fi87F9F07wLsqIlHql3W8GnnXWg=
-4,-17,35NhBd/RoJZUb6Msx1v9ftpe2yA=,fi87F9F07wLsqIlHql3W8GnnXWg=
-2,-22,35NhBd/RoJZUb6Msx1v9ftpe2yA=,fi87F9F07wLsqIlHql3W8GnnXWg=
-3,-24,35NhBd/RoJZUb6Msx1v9ftpe2yA=,fi87F9F07wLsqIlHql3W8GnnXWg=
-9,-20,35NhBd/RoJZUb6Msx1v9ftpe2yA=,28N2qnp9jtvn0carii4785ei5kQ=
-7,-21,35NhBd/RoJZUb6Msx1v9ftpe2yA=,fi87F9F07wLsqIlHql3W8GnnXWg=
-9,-19,35NhBd/RoJZUb6Msx1v9ftpe2yA=,28N2qnp9jtvn0carii4785ei5kQ=
-9,-25,ngVDF6VhQTj2Dlwnjf7EzeMufmI=,1Cq/EhnPXLBvYY0jul0qOy38lQg=
-2,-21,35NhBd/RoJZUb6Msx1v9ftpe2yA=,fi87F9F07wLsqIlHql3W8GnnXWg=
-1,-21,35NhBd/RoJZUb6Msx1v9ftpe2yA=,fi87F9F07wLsqIlHql3W8GnnXWg=
-5,-23,35NhBd/RoJZUb6Msx1v9ftpe2yA=,fi87F9F07wLsqIlHql3W8GnnXWg=
-3,-20,35NhBd/RoJZUb6Msx1v9ftpe2yA=,fi87F9F07wLsqIlHql3W8GnnXWg=
-8,-20,35NhBd/RoJZUb6Msx1v9ftpe2yA=,fi87F9F07wLsqIlHql3W8GnnXWg=
-6,-24,35NhBd/RoJZUb6Msx1v9ftpe2yA=,fi87F9F07wLsqIlHql3W8GnnXWg=
-3,-22,35NhBd/RoJZUb6Msx1v9ftpe2yA=,fi87F9F07wLsqIlHql3W8GnnXWg=
-4,-22,35NhBd/RoJZUb6Msx1v9ftpe2yA=,fi87F9F07wLsqIlHql3W8GnnXWg=
-3,-21,35NhBd/RoJZUb6Msx1v9ftpe2yA=,fi87F9F07wLsqIlHql3W8GnnXWg=
-1,-25,35NhBd/RoJZUb6Msx1v9ftpe2yA=,6J+2zM4dpnjP08CN0Bm3ayd4uuI=
-8,-21,35NhBd/RoJZUb6Msx1v9ftpe2yA=,fi87F9F07wLsqIlHql3W8GnnXWg=
-5,-21,35NhBd/RoJZUb6Msx1v9ftpe2yA=,fi87F9F07wLsqIlHql3W8GnnXWg=
-4,-21,35NhBd/RoJZUb6Msx1v9ftpe2yA=,fi87F9F07wLsqIlHql3W8GnnXWg=
-4,-20,35NhBd/RoJZUb6Msx1v9ftpe2yA=,fi87F9F07wLsqIlHql3W8GnnXWg=
-9,-21,35NhBd/RoJZUb6Msx1v9ftpe2yA=,28N2qnp9jtvn0carii4785ei5kQ=
-2,-19,35NhBd/RoJZUb6Msx1v9ftpe2yA=,fi87F9F07wLsqIlHql3W8GnnXWg=
-6,-23,35NhBd/RoJZUb6Msx1v9ftpe2yA=,fi87F9F07wLsqIlHql3W8GnnXWg=
-1,-23,35NhBd/RoJZUb6Msx1v9ftpe2yA=,fi87F9F07wLsqIlHql3W8GnnXWg=
-6,-21,35NhBd/RoJZUb6Msx1v9ftpe2yA=,fi87F9F07wLsqIlHql3W8GnnXWg=
-7,-19,35NhBd/RoJZUb6Msx1v9ftpe2yA=,fi87F9F07wLsqIlHql3W8GnnXWg=
-7,-22,35NhBd/RoJZUb6Msx1v9ftpe2yA=,fi87F9F07wLsqIlHql3W8GnnXWg=
-2,-23,35NhBd/RoJZUb6Msx1v9ftpe2yA=,fi87F9F07wLsqIlHql3W8GnnXWg=
-6,-19,35NhBd/RoJZUb6Msx1v9ftpe2yA=,fi87F9F07wLsqIlHql3W8GnnXWg=
-5,-20,35NhBd/RoJZUb6Msx1v9ftpe2yA=,fi87F9F07wLsqIlHql3W8GnnXWg=
-8,-24,35NhBd/RoJZUb6Msx1v9ftpe2yA=,fi87F9F07wLsqIlHql3W8GnnXWg=
-6,-20,35NhBd/RoJZUb6Msx1v9ftpe2yA=,fi87F9F07wLsqIlHql3W8GnnXWg=
-6,-22,35NhBd/RoJZUb6Msx1v9ftpe2yA=,fi87F9F07wLsqIlHql3W8GnnXWg=
-5,-19,35NhBd/RoJZUb6Msx1v9ftpe2yA=,fi87F9F07wLsqIlHql3W8GnnXWg=
-4,-23,35NhBd/RoJZUb6Msx1v9ftpe2yA=,fi87F9F07wLsqIlHql3W8GnnXWg=
-3,-23,35NhBd/RoJZUb6Msx1v9ftpe2yA=,fi87F9F07wLsqIlHql3W8GnnXWg=
-8,-22,35NhBd/RoJZUb6Msx1v9ftpe2yA=,fi87F9F07wLsqIlHql3W8GnnXWg=
-1,-17,35NhBd/RoJZUb6Msx1v9ftpe2yA=,fi87F9F07wLsqIlHql3W8GnnXWg=
-1,-19,35NhBd/RoJZUb6Msx1v9ftpe2yA=,fi87F9F07wLsqIlHql3W8GnnXWg=
-2,-17,35NhBd/RoJZUb6Msx1v9ftpe2yA=,fi87F9F07wLsqIlHql3W8GnnXWg=
-3,-17,35NhBd/RoJZUb6Msx1v9ftpe2yA=,fi87F9F07wLsqIlHql3W8GnnXWg=
-8,-18,35NhBd/RoJZUb6Msx1v9ftpe2yA=,fi87F9F07wLsqIlHql3W8GnnXWg=
-8,-19,35NhBd/RoJZUb6Msx1v9ftpe2yA=,fi87F9F07wLsqIlHql3W8GnnXWg=
-21,-22,G2PTReuTzsNT1WHrnwyVgeqcYPc=,MNm3wU5NQbkSQiPUEW1WoY+S1Fc=
-23,-22,XR6g2PpH5CfcrRiPnnlHDId/L3E=,MNm3wU5NQbkSQiPUEW1WoY+S1Fc=
-22,-22,XR6g2PpH5CfcrRiPnnlHDId/L3E=,MNm3wU5NQbkSQiPUEW1WoY+S1Fc=
-19,-19,XR6g2PpH5CfcrRiPnnlHDId/L3E=,MNm3wU5NQbkSQiPUEW1WoY+S1Fc=
-20,-17,XR6g2PpH5CfcrRiPnnlHDId/L3E=,MNm3wU5NQbkSQiPUEW1WoY+S1Fc=
-21,-17,XR6g2PpH5CfcrRiPnnlHDId/L3E=,MNm3wU5NQbkSQiPUEW1WoY+S1Fc=
-22,-17,XR6g2PpH5CfcrRiPnnlHDId/L3E=,MNm3wU5NQbkSQiPUEW1WoY+S1Fc=
-19,-18,XR6g2PpH5CfcrRiPnnlHDId/L3E=,MNm3wU5NQbkSQiPUEW1WoY+S1Fc=
-20,-19,XR6g2PpH5CfcrRiPnnlHDId/L3E=,MNm3wU5NQbkSQiPUEW1WoY+S1Fc=
-21,-23,XR6g2PpH5CfcrRiPnnlHDId/L3E=,MNm3wU5NQbkSQiPUEW1WoY+S1Fc=
-23,-17,XR6g2PpH5CfcrRiPnnlHDId/L3E=,MNm3wU5NQbkSQiPUEW1WoY+S1Fc=
-19,-17,XR6g2PpH5CfcrRiPnnlHDId/L3E=,MNm3wU5NQbkSQiPUEW1WoY+S1Fc=
-19,-23,XR6g2PpH5CfcrRiPnnlHDId/L3E=,MNm3wU5NQbkSQiPUEW1WoY+S1Fc=
-18,-17,XR6g2PpH5CfcrRiPnnlHDId/L3E=,MNm3wU5NQbkSQiPUEW1WoY+S1Fc=
-20,-23,XR6g2PpH5CfcrRiPnnlHDId/L3E=,MNm3wU5NQbkSQiPUEW1WoY+S1Fc=
-17,-17,XR6g2PpH5CfcrRiPnnlHDId/L3E=,MNm3wU5NQbkSQiPUEW1WoY+S1Fc=
-20,-24,XR6g2PpH5CfcrRiPnnlHDId/L3E=,MNm3wU5NQbkSQiPUEW1WoY+S1Fc=
-18,-23,XR6g2PpH5CfcrRiPnnlHDId/L3E=,MNm3wU5NQbkSQiPUEW1WoY+S1Fc=
-20,-18,XR6g2PpH5CfcrRiPnnlHDId/L3E=,MNm3wU5NQbkSQiPUEW1WoY+S1Fc=
-17,-23,XR6g2PpH5CfcrRiPnnlHDId/L3E=,MNm3wU5NQbkSQiPUEW1WoY+S1Fc=
-22,-23,XR6g2PpH5CfcrRiPnnlHDId/L3E=,MNm3wU5NQbkSQiPUEW1WoY+S1Fc=
-23,-23,XR6g2PpH5CfcrRiPnnlHDId/L3E=,MNm3wU5NQbkSQiPUEW1WoY+S1Fc=
-21,-24,XR6g2PpH5CfcrRiPnnlHDId/L3E=,MNm3wU5NQbkSQiPUEW1WoY+S1Fc=
-21,-19,XR6g2PpH5CfcrRiPnnlHDId/L3E=,MNm3wU5NQbkSQiPUEW1WoY+S1Fc=
-21,-18,XR6g2PpH5CfcrRiPnnlHDId/L3E=,MNm3wU5NQbkSQiPUEW1WoY+S1Fc=
-19,-20,XR6g2PpH5CfcrRiPnnlHDId/L3E=,MNm3wU5NQbkSQiPUEW1WoY+S1Fc=
-20,-20,XR6g2PpH5CfcrRiPnnlHDId/L3E=,MNm3wU5NQbkSQiPUEW1WoY+S1Fc=
-22,-20,XR6g2PpH5CfcrRiPnnlHDId/L3E=,MNm3wU5NQbkSQiPUEW1WoY+S1Fc=
-21,-20,XR6g2PpH5CfcrRiPnnlHDId/L3E=,MNm3wU5NQbkSQiPUEW1WoY+S1Fc=
-18,-20,XR6g2PpH5CfcrRiPnnlHDId/L3E=,MNm3wU5NQbkSQiPUEW1WoY+S1Fc=
-22,-24,XR6g2PpH5CfcrRiPnnlHDId/L3E=,MNm3wU5NQbkSQiPUEW1WoY+S1Fc=
-22,-19,XR6g2PpH5CfcrRiPnnlHDId/L3E=,MNm3wU5NQbkSQiPUEW1WoY+S1Fc=
-17,-20,XR6g2PpH5CfcrRiPnnlHDId/L3E=,MNm3wU5NQbkSQiPUEW1WoY+S1Fc=
-18,-19,XR6g2PpH5CfcrRiPnnlHDId/L3E=,MNm3wU5NQbkSQiPUEW1WoY+S1Fc=
-21,-21,XR6g2PpH5CfcrRiPnnlHDId/L3E=,MNm3wU5NQbkSQiPUEW1WoY+S1Fc=
-22,-21,XR6g2PpH5CfcrRiPnnlHDId/L3E=,MNm3wU5NQbkSQiPUEW1WoY+S1Fc=
-20,-21,XR6g2PpH5CfcrRiPnnlHDId/L3E=,MNm3wU5NQbkSQiPUEW1WoY+S1Fc=
-19,-21,XR6g2PpH5CfcrRiPnnlHDId/L3E=,MNm3wU5NQbkSQiPUEW1WoY+S1Fc=
-23,-21,XR6g2PpH5CfcrRiPnnlHDId/L3E=,MNm3wU5NQbkSQiPUEW1WoY+S1Fc=
-17,-24,XR6g2PpH5CfcrRiPnnlHDId/L3E=,MNm3wU5NQbkSQiPUEW1WoY+S1Fc=
-17,-22,XR6g2PpH5CfcrRiPnnlHDId/L3E=,MNm3wU5NQbkSQiPUEW1WoY+S1Fc=
-18,-24,XR6g2PpH5CfcrRiPnnlHDId/L3E=,MNm3wU5NQbkSQiPUEW1WoY+S1Fc=
-18,-22,XR6g2PpH5CfcrRiPnnlHDId/L3E=,MNm3wU5NQbkSQiPUEW1WoY+S1Fc=
-19,-24,XR6g2PpH5CfcrRiPnnlHDId/L3E=,MNm3wU5NQbkSQiPUEW1WoY+S1Fc=
-23,-20,XR6g2PpH5CfcrRiPnnlHDId/L3E=,MNm3wU5NQbkSQiPUEW1WoY+S1Fc=
-19,-22,XR6g2PpH5CfcrRiPnnlHDId/L3E=,MNm3wU5NQbkSQiPUEW1WoY+S1Fc=
-20,-22,XR6g2PpH5CfcrRiPnnlHDId/L3E=,MNm3wU5NQbkSQiPUEW1WoY+S1Fc=
-22,-18,XR6g2PpH5CfcrRiPnnlHDId/L3E=,MNm3wU5NQbkSQiPUEW1WoY+S1Fc=
-23,-24,XR6g2PpH5CfcrRiPnnlHDId/L3E=,MNm3wU5NQbkSQiPUEW1WoY+S1Fc=
-17,-19,XR6g2PpH5CfcrRiPnnlHDId/L3E=,MNm3wU5NQbkSQiPUEW1WoY+S1Fc=
-17,-18,XR6g2PpH5CfcrRiPnnlHDId/L3E=,MNm3wU5NQbkSQiPUEW1WoY+S1Fc=
-18,-21,XR6g2PpH5CfcrRiPnnlHDId/L3E=,MNm3wU5NQbkSQiPUEW1WoY+S1Fc=
-17,-21,XR6g2PpH5CfcrRiPnnlHDId/L3E=,MNm3wU5NQbkSQiPUEW1WoY+S1Fc=
-23,-19,XR6g2PpH5CfcrRiPnnlHDId/L3E=,MNm3wU5NQbkSQiPUEW1WoY+S1Fc=
-23,-18,XR6g2PpH5CfcrRiPnnlHDId/L3E=,MNm3wU5NQbkSQiPUEW1WoY+S1Fc=
-18,-18,XR6g2PpH5CfcrRiPnnlHDId/L3E=,MNm3wU5NQbkSQiPUEW1WoY+S1Fc=
-29,-17,XR6g2PpH5CfcrRiPnnlHDId/L3E=,buigpVw+dsvKGaapbDls2gQIzbA=
-30,-17,XR6g2PpH5CfcrRiPnnlHDId/L3E=,buigpVw+dsvKGaapbDls2gQIzbA=
-31,-17,XR6g2PpH5CfcrRiPnnlHDId/L3E=,buigpVw+dsvKGaapbDls2gQIzbA=
-32,-17,XR6g2PpH5CfcrRiPnnlHDId/L3E=,buigpVw+dsvKGaapbDls2gQIzbA=
-24,-24,XR6g2PpH5CfcrRiPnnlHDId/L3E=,MNm3wU5NQbkSQiPUEW1WoY+S1Fc=
-25,-18,XR6g2PpH5CfcrRiPnnlHDId/L3E=,buigpVw+dsvKGaapbDls2gQIzbA=
-30,-18,XR6g2PpH5CfcrRiPnnlHDId/L3E=,buigpVw+dsvKGaapbDls2gQIzbA=
-31,-18,XR6g2PpH5CfcrRiPnnlHDId/L3E=,buigpVw+dsvKGaapbDls2gQIzbA=
-32,-18,XR6g2PpH5CfcrRiPnnlHDId/L3E=,buigpVw+dsvKGaapbDls2gQIzbA=
-30,-19,XR6g2PpH5CfcrRiPnnlHDId/L3E=,buigpVw+dsvKGaapbDls2gQIzbA=
-31,-19,XR6g2PpH5CfcrRiPnnlHDId/L3E=,buigpVw+dsvKGaapbDls2gQIzbA=
-32,-19,XR6g2PpH5CfcrRiPnnlHDId/L3E=,buigpVw+dsvKGaapbDls2gQIzbA=
-28,-17,XR6g2PpH5CfcrRiPnnlHDId/L3E=,buigpVw+dsvKGaapbDls2gQIzbA=
-24,-19,XR6g2PpH5CfcrRiPnnlHDId/L3E=,MNm3wU5NQbkSQiPUEW1WoY+S1Fc=
-32,-24,XR6g2PpH5CfcrRiPnnlHDId/L3E=,buigpVw+dsvKGaapbDls2gQIzbA=
-31,-24,XR6g2PpH5CfcrRiPnnlHDId/L3E=,buigpVw+dsvKGaapbDls2gQIzbA=
-29,-18,XR6g2PpH5CfcrRiPnnlHDId/L3E=,buigpVw+dsvKGaapbDls2gQIzbA=
-28,-18,XR6g2PpH5CfcrRiPnnlHDId/L3E=,buigpVw+dsvKGaapbDls2gQIzbA=
-25,-19,XR6g2PpH5CfcrRiPnnlHDId/L3E=,buigpVw+dsvKGaapbDls2gQIzbA=
-26,-18,XR6g2PpH5CfcrRiPnnlHDId/L3E=,buigpVw+dsvKGaapbDls2gQIzbA=
-30,-24,XR6g2PpH5CfcrRiPnnlHDId/L3E=,buigpVw+dsvKGaapbDls2gQIzbA=
-27,-17,XR6g2PpH5CfcrRiPnnlHDId/L3E=,buigpVw+dsvKGaapbDls2gQIzbA=
-29,-24,XR6g2PpH5CfcrRiPnnlHDId/L3E=,buigpVw+dsvKGaapbDls2gQIzbA=
-27,-18,XR6g2PpH5CfcrRiPnnlHDId/L3E=,buigpVw+dsvKGaapbDls2gQIzbA=
-27,-20,XR6g2PpH5CfcrRiPnnlHDId/L3E=,buigpVw+dsvKGaapbDls2gQIzbA=
-28,-24,XR6g2PpH5CfcrRiPnnlHDId/L3E=,buigpVw+dsvKGaapbDls2gQIzbA=
-26,-17,XR6g2PpH5CfcrRiPnnlHDId/L3E=,buigpVw+dsvKGaapbDls2gQIzbA=
-25,-17,XR6g2PpH5CfcrRiPnnlHDId/L3E=,buigpVw+dsvKGaapbDls2gQIzbA=
-25,-20,XR6g2PpH5CfcrRiPnnlHDId/L3E=,buigpVw+dsvKGaapbDls2gQIzbA=
-27,-24,XR6g2PpH5CfcrRiPnnlHDId/L3E=,buigpVw+dsvKGaapbDls2gQIzbA=
-29,-19,XR6g2PpH5CfcrRiPnnlHDId/L3E=,buigpVw+dsvKGaapbDls2gQIzbA=
-32,-20,XR6g2PpH5CfcrRiPnnlHDId/L3E=,buigpVw+dsvKGaapbDls2gQIzbA=
-28,-19,XR6g2PpH5CfcrRiPnnlHDId/L3E=,buigpVw+dsvKGaapbDls2gQIzbA=
-31,-20,XR6g2PpH5CfcrRiPnnlHDId/L3E=,buigpVw+dsvKGaapbDls2gQIzbA=
-26,-24,XR6g2PpH5CfcrRiPnnlHDId/L3E=,buigpVw+dsvKGaapbDls2gQIzbA=
-25,-24,XR6g2PpH5CfcrRiPnnlHDId/L3E=,buigpVw+dsvKGaapbDls2gQIzbA=
-32,-23,XR6g2PpH5CfcrRiPnnlHDId/L3E=,buigpVw+dsvKGaapbDls2gQIzbA=
-26,-19,XR6g2PpH5CfcrRiPnnlHDId/L3E=,buigpVw+dsvKGaapbDls2gQIzbA=
-24,-17,XR6g2PpH5CfcrRiPnnlHDId/L3E=,MNm3wU5NQbkSQiPUEW1WoY+S1Fc=
-27,-21,XR6g2PpH5CfcrRiPnnlHDId/L3E=,buigpVw+dsvKGaapbDls2gQIzbA=
-28,-20,XR6g2PpH5CfcrRiPnnlHDId/L3E=,buigpVw+dsvKGaapbDls2gQIzbA=
-30,-20,XR6g2PpH5CfcrRiPnnlHDId/L3E=,buigpVw+dsvKGaapbDls2gQIzbA=
-24,-23,XR6g2PpH5CfcrRiPnnlHDId/L3E=,MNm3wU5NQbkSQiPUEW1WoY+S1Fc=
-26,-20,XR6g2PpH5CfcrRiPnnlHDId/L3E=,buigpVw+dsvKGaapbDls2gQIzbA=
-32,-21,XR6g2PpH5CfcrRiPnnlHDId/L3E=,buigpVw+dsvKGaapbDls2gQIzbA=
-28,-21,XR6g2PpH5CfcrRiPnnlHDId/L3E=,buigpVw+dsvKGaapbDls2gQIzbA=
-29,-20,XR6g2PpH5CfcrRiPnnlHDId/L3E=,buigpVw+dsvKGaapbDls2gQIzbA=
-26,-21,XR6g2PpH5CfcrRiPnnlHDId/L3E=,buigpVw+dsvKGaapbDls2gQIzbA=
-25,-21,XR6g2PpH5CfcrRiPnnlHDId/L3E=,buigpVw+dsvKGaapbDls2gQIzbA=
-24,-20,XR6g2PpH5CfcrRiPnnlHDId/L3E=,MNm3wU5NQbkSQiPUEW1WoY+S1Fc=
-24,-18,XR6g2PpH5CfcrRiPnnlHDId/L3E=,MNm3wU5NQbkSQiPUEW1WoY+S1Fc=
-30,-21,XR6g2PpH5CfcrRiPnnlHDId/L3E=,buigpVw+dsvKGaapbDls2gQIzbA=
-29,-21,XR6g2PpH5CfcrRiPnnlHDId/L3E=,buigpVw+dsvKGaapbDls2gQIzbA=
-31,-21,XR6g2PpH5CfcrRiPnnlHDId/L3E=,buigpVw+dsvKGaapbDls2gQIzbA=
-24,-22,XR6g2PpH5CfcrRiPnnlHDId/L3E=,MNm3wU5NQbkSQiPUEW1WoY+S1Fc=
-27,-22,XR6g2PpH5CfcrRiPnnlHDId/L3E=,buigpVw+dsvKGaapbDls2gQIzbA=
-25,-22,XR6g2PpH5CfcrRiPnnlHDId/L3E=,buigpVw+dsvKGaapbDls2gQIzbA=
-26,-22,XR6g2PpH5CfcrRiPnnlHDId/L3E=,buigpVw+dsvKGaapbDls2gQIzbA=
-28,-22,XR6g2PpH5CfcrRiPnnlHDId/L3E=,buigpVw+dsvKGaapbDls2gQIzbA=
-25,-23,XR6g2PpH5CfcrRiPnnlHDId/L3E=,buigpVw+dsvKGaapbDls2gQIzbA=
-30,-22,XR6g2PpH5CfcrRiPnnlHDId/L3E=,buigpVw+dsvKGaapbDls2gQIzbA=
-31,-23,XR6g2PpH5CfcrRiPnnlHDId/L3E=,buigpVw+dsvKGaapbDls2gQIzbA=
-29,-22,XR6g2PpH5CfcrRiPnnlHDId/L3E=,buigpVw+dsvKGaapbDls2gQIzbA=
-32,-22,XR6g2PpH5CfcrRiPnnlHDId/L3E=,buigpVw+dsvKGaapbDls2gQIzbA=
-27,-19,XR6g2PpH5CfcrRiPnnlHDId/L3E=,buigpVw+dsvKGaapbDls2gQIzbA=
-24,-21,XR6g2PpH5CfcrRiPnnlHDId/L3E=,MNm3wU5NQbkSQiPUEW1WoY+S1Fc=
-29,-23,XR6g2PpH5CfcrRiPnnlHDId/L3E=,buigpVw+dsvKGaapbDls2gQIzbA=
-26,-23,XR6g2PpH5CfcrRiPnnlHDId/L3E=,buigpVw+dsvKGaapbDls2gQIzbA=
-28,-23,XR6g2PpH5CfcrRiPnnlHDId/L3E=,buigpVw+dsvKGaapbDls2gQIzbA=
-30,-23,XR6g2PpH5CfcrRiPnnlHDId/L3E=,buigpVw+dsvKGaapbDls2gQIzbA=
-27,-23,XR6g2PpH5CfcrRiPnnlHDId/L3E=,buigpVw+dsvKGaapbDls2gQIzbA=
-31,-22,XR6g2PpH5CfcrRiPnnlHDId/L3E=,buigpVw+dsvKGaapbDls2gQIzbA=
-28,-5,TuMbFn4mByZs/yC72A0ZY8rWulw=,zn2ILMXswd6nmLnCIwTxU6QmGx8=
-30,-5,iglKRTsuZxkaIF5MJ6VdWYGfd3g=,zn2ILMXswd6nmLnCIwTxU6QmGx8=
-29,-5,TuMbFn4mByZs/yC72A0ZY8rWulw=,zn2ILMXswd6nmLnCIwTxU6QmGx8=
-31,-5,4X36pkHoz5L0vrtiTTG7ENo1FI0=,zn2ILMXswd6nmLnCIwTxU6QmGx8=
-26,-6,iglKRTsuZxkaIF5MJ6VdWYGfd3g=,zn2ILMXswd6nmLnCIwTxU6QmGx8=
-27,-6,4X36pkHoz5L0vrtiTTG7ENo1FI0=,zn2ILMXswd6nmLnCIwTxU6QmGx8=
-28,-6,4X36pkHoz5L0vrtiTTG7ENo1FI0=,zn2ILMXswd6nmLnCIwTxU6QmGx8=
-26,-2,4X36pkHoz5L0vrtiTTG7ENo1FI0=,zn2ILMXswd6nmLnCIwTxU6QmGx8=
-29,-6,4X36pkHoz5L0vrtiTTG7ENo1FI0=,zn2ILMXswd6nmLnCIwTxU6QmGx8=
-27,-2,4X36pkHoz5L0vrtiTTG7ENo1FI0=,zn2ILMXswd6nmLnCIwTxU6QmGx8=
-28,-2,4X36pkHoz5L0vrtiTTG7ENo1FI0=,zn2ILMXswd6nmLnCIwTxU6QmGx8=
-30,-6,4X36pkHoz5L0vrtiTTG7ENo1FI0=,zn2ILMXswd6nmLnCIwTxU6QmGx8=
-29,-2,4X36pkHoz5L0vrtiTTG7ENo1FI0=,zn2ILMXswd6nmLnCIwTxU6QmGx8=
-26,-7,4X36pkHoz5L0vrtiTTG7ENo1FI0=,zn2ILMXswd6nmLnCIwTxU6QmGx8=
-31,-6,4X36pkHoz5L0vrtiTTG7ENo1FI0=,zn2ILMXswd6nmLnCIwTxU6QmGx8=
-30,-2,4X36pkHoz5L0vrtiTTG7ENo1FI0=,zn2ILMXswd6nmLnCIwTxU6QmGx8=
-27,-7,4X36pkHoz5L0vrtiTTG7ENo1FI0=,zn2ILMXswd6nmLnCIwTxU6QmGx8=
-31,-2,4X36pkHoz5L0vrtiTTG7ENo1FI0=,zn2ILMXswd6nmLnCIwTxU6QmGx8=
-28,-7,4X36pkHoz5L0vrtiTTG7ENo1FI0=,zn2ILMXswd6nmLnCIwTxU6QmGx8=
-29,-7,4X36pkHoz5L0vrtiTTG7ENo1FI0=,zn2ILMXswd6nmLnCIwTxU6QmGx8=
-26,-3,4X36pkHoz5L0vrtiTTG7ENo1FI0=,zn2ILMXswd6nmLnCIwTxU6QmGx8=
-30,-7,4X36pkHoz5L0vrtiTTG7ENo1FI0=,zn2ILMXswd6nmLnCIwTxU6QmGx8=
-27,-3,4X36pkHoz5L0vrtiTTG7ENo1FI0=,zn2ILMXswd6nmLnCIwTxU6QmGx8=
-28,-3,4X36pkHoz5L0vrtiTTG7ENo1FI0=,zn2ILMXswd6nmLnCIwTxU6QmGx8=
-31,-7,4X36pkHoz5L0vrtiTTG7ENo1FI0=,zn2ILMXswd6nmLnCIwTxU6QmGx8=
-29,-3,4X36pkHoz5L0vrtiTTG7ENo1FI0=,zn2ILMXswd6nmLnCIwTxU6QmGx8=
-30,-3,4X36pkHoz5L0vrtiTTG7ENo1FI0=,zn2ILMXswd6nmLnCIwTxU6QmGx8=
-31,-3,4X36pkHoz5L0vrtiTTG7ENo1FI0=,zn2ILMXswd6nmLnCIwTxU6QmGx8=
-26,-4,4X36pkHoz5L0vrtiTTG7ENo1FI0=,zn2ILMXswd6nmLnCIwTxU6QmGx8=
-27,-4,4X36pkHoz5L0vrtiTTG7ENo1FI0=,zn2ILMXswd6nmLnCIwTxU6QmGx8=
-28,-4,4X36pkHoz5L0vrtiTTG7ENo1FI0=,zn2ILMXswd6nmLnCIwTxU6QmGx8=
-29,-4,4X36pkHoz5L0vrtiTTG7ENo1FI0=,zn2ILMXswd6nmLnCIwTxU6QmGx8=
-30,-4,4X36pkHoz5L0vrtiTTG7ENo1FI0=,zn2ILMXswd6nmLnCIwTxU6QmGx8=
-31,-4,4X36pkHoz5L0vrtiTTG7ENo1FI0=,zn2ILMXswd6nmLnCIwTxU6QmGx8=
-26,-5,4X36pkHoz5L0vrtiTTG7ENo1FI0=,zn2ILMXswd6nmLnCIwTxU6QmGx8=
-27,-5,4X36pkHoz5L0vrtiTTG7ENo1FI0=,zn2ILMXswd6nmLnCIwTxU6QmGx8=
-31,-1,4X36pkHoz5L0vrtiTTG7ENo1FI0=,zn2ILMXswd6nmLnCIwTxU6QmGx8=
-26,-1,4X36pkHoz5L0vrtiTTG7ENo1FI0=,zn2ILMXswd6nmLnCIwTxU6QmGx8=
-30,-1,4X36pkHoz5L0vrtiTTG7ENo1FI0=,zn2ILMXswd6nmLnCIwTxU6QmGx8=
-28,-1,4X36pkHoz5L0vrtiTTG7ENo1FI0=,zn2ILMXswd6nmLnCIwTxU6QmGx8=
-27,-1,4X36pkHoz5L0vrtiTTG7ENo1FI0=,zn2ILMXswd6nmLnCIwTxU6QmGx8=
-32,-4,4X36pkHoz5L0vrtiTTG7ENo1FI0=,zn2ILMXswd6nmLnCIwTxU6QmGx8=
-29,-1,4X36pkHoz5L0vrtiTTG7ENo1FI0=,zn2ILMXswd6nmLnCIwTxU6QmGx8=
-32,-3,4X36pkHoz5L0vrtiTTG7ENo1FI0=,zn2ILMXswd6nmLnCIwTxU6QmGx8=
-32,-7,4X36pkHoz5L0vrtiTTG7ENo1FI0=,zn2ILMXswd6nmLnCIwTxU6QmGx8=
-32,-2,4X36pkHoz5L0vrtiTTG7ENo1FI0=,zn2ILMXswd6nmLnCIwTxU6QmGx8=
-32,-6,4X36pkHoz5L0vrtiTTG7ENo1FI0=,zn2ILMXswd6nmLnCIwTxU6QmGx8=
-32,-5,4X36pkHoz5L0vrtiTTG7ENo1FI0=,zn2ILMXswd6nmLnCIwTxU6QmGx8=
-32,-1,4X36pkHoz5L0vrtiTTG7ENo1FI0=,zn2ILMXswd6nmLnCIwTxU6QmGx8=
-28,-11,4X36pkHoz5L0vrtiTTG7ENo1FI0=,VTfRM2KmKSPqijece6+E8jB/00U=
-27,-11,4X36pkHoz5L0vrtiTTG7ENo1FI0=,VTfRM2KmKSPqijece6+E8jB/00U=
-29,-11,4X36pkHoz5L0vrtiTTG7ENo1FI0=,VTfRM2KmKSPqijece6+E8jB/00U=
-30,-11,4X36pkHoz5L0vrtiTTG7ENo1FI0=,VTfRM2KmKSPqijece6+E8jB/00U=
-31,-11,4X36pkHoz5L0vrtiTTG7ENo1FI0=,VTfRM2KmKSPqijece6+E8jB/00U=
-32,-11,4X36pkHoz5L0vrtiTTG7ENo1FI0=,VTfRM2KmKSPqijece6+E8jB/00U=
-26,-12,4X36pkHoz5L0vrtiTTG7ENo1FI0=,VTfRM2KmKSPqijece6+E8jB/00U=
-26,-11,4X36pkHoz5L0vrtiTTG7ENo1FI0=,VTfRM2KmKSPqijece6+E8jB/00U=
-32,-10,4X36pkHoz5L0vrtiTTG7ENo1FI0=,VTfRM2KmKSPqijece6+E8jB/00U=
-31,-10,4X36pkHoz5L0vrtiTTG7ENo1FI0=,VTfRM2KmKSPqijece6+E8jB/00U=
-30,-10,4X36pkHoz5L0vrtiTTG7ENo1FI0=,VTfRM2KmKSPqijece6+E8jB/00U=
-32,-16,4X36pkHoz5L0vrtiTTG7ENo1FI0=,VTfRM2KmKSPqijece6+E8jB/00U=
-29,-10,4X36pkHoz5L0vrtiTTG7ENo1FI0=,VTfRM2KmKSPqijece6+E8jB/00U=
-28,-10,4X36pkHoz5L0vrtiTTG7ENo1FI0=,VTfRM2KmKSPqijece6+E8jB/00U=
-27,-12,4X36pkHoz5L0vrtiTTG7ENo1FI0=,VTfRM2KmKSPqijece6+E8jB/00U=
-28,-12,4X36pkHoz5L0vrtiTTG7ENo1FI0=,VTfRM2KmKSPqijece6+E8jB/00U=
-29,-12,4X36pkHoz5L0vrtiTTG7ENo1FI0=,VTfRM2KmKSPqijece6+E8jB/00U=
-30,-12,4X36pkHoz5L0vrtiTTG7ENo1FI0=,VTfRM2KmKSPqijece6+E8jB/00U=
-27,-10,4X36pkHoz5L0vrtiTTG7ENo1FI0=,VTfRM2KmKSPqijece6+E8jB/00U=
-31,-16,4X36pkHoz5L0vrtiTTG7ENo1FI0=,VTfRM2KmKSPqijece6+E8jB/00U=
-31,-12,4X36pkHoz5L0vrtiTTG7ENo1FI0=,VTfRM2KmKSPqijece6+E8jB/00U=
-32,-12,4X36pkHoz5L0vrtiTTG7ENo1FI0=,VTfRM2KmKSPqijece6+E8jB/00U=
-28,-13,4X36pkHoz5L0vrtiTTG7ENo1FI0=,VTfRM2KmKSPqijece6+E8jB/00U=
-27,-13,4X36pkHoz5L0vrtiTTG7ENo1FI0=,VTfRM2KmKSPqijece6+E8jB/00U=
-26,-13,4X36pkHoz5L0vrtiTTG7ENo1FI0=,VTfRM2KmKSPqijece6+E8jB/00U=
-28,-14,4X36pkHoz5L0vrtiTTG7ENo1FI0=,VTfRM2KmKSPqijece6+E8jB/00U=
-27,-14,4X36pkHoz5L0vrtiTTG7ENo1FI0=,VTfRM2KmKSPqijece6+E8jB/00U=
-29,-13,4X36pkHoz5L0vrtiTTG7ENo1FI0=,VTfRM2KmKSPqijece6+E8jB/00U=
-30,-13,4X36pkHoz5L0vrtiTTG7ENo1FI0=,VTfRM2KmKSPqijece6+E8jB/00U=
-27,-8,4X36pkHoz5L0vrtiTTG7ENo1FI0=,zn2ILMXswd6nmLnCIwTxU6QmGx8=
-28,-8,4X36pkHoz5L0vrtiTTG7ENo1FI0=,zn2ILMXswd6nmLnCIwTxU6QmGx8=
-29,-8,4X36pkHoz5L0vrtiTTG7ENo1FI0=,zn2ILMXswd6nmLnCIwTxU6QmGx8=
-26,-10,4X36pkHoz5L0vrtiTTG7ENo1FI0=,VTfRM2KmKSPqijece6+E8jB/00U=
-30,-16,4X36pkHoz5L0vrtiTTG7ENo1FI0=,VTfRM2KmKSPqijece6+E8jB/00U=
-29,-16,4X36pkHoz5L0vrtiTTG7ENo1FI0=,VTfRM2KmKSPqijece6+E8jB/00U=
-28,-16,4X36pkHoz5L0vrtiTTG7ENo1FI0=,VTfRM2KmKSPqijece6+E8jB/00U=
-32,-9,4X36pkHoz5L0vrtiTTG7ENo1FI0=,VTfRM2KmKSPqijece6+E8jB/00U=
-27,-16,4X36pkHoz5L0vrtiTTG7ENo1FI0=,VTfRM2KmKSPqijece6+E8jB/00U=
-26,-16,4X36pkHoz5L0vrtiTTG7ENo1FI0=,VTfRM2KmKSPqijece6+E8jB/00U=
-32,-15,4X36pkHoz5L0vrtiTTG7ENo1FI0=,VTfRM2KmKSPqijece6+E8jB/00U=
-31,-9,4X36pkHoz5L0vrtiTTG7ENo1FI0=,VTfRM2KmKSPqijece6+E8jB/00U=
-30,-9,4X36pkHoz5L0vrtiTTG7ENo1FI0=,VTfRM2KmKSPqijece6+E8jB/00U=
-29,-14,4X36pkHoz5L0vrtiTTG7ENo1FI0=,VTfRM2KmKSPqijece6+E8jB/00U=
-29,-9,4X36pkHoz5L0vrtiTTG7ENo1FI0=,VTfRM2KmKSPqijece6+E8jB/00U=
-31,-15,4X36pkHoz5L0vrtiTTG7ENo1FI0=,VTfRM2KmKSPqijece6+E8jB/00U=
-28,-9,4X36pkHoz5L0vrtiTTG7ENo1FI0=,VTfRM2KmKSPqijece6+E8jB/00U=
-30,-8,4X36pkHoz5L0vrtiTTG7ENo1FI0=,zn2ILMXswd6nmLnCIwTxU6QmGx8=
-30,-15,4X36pkHoz5L0vrtiTTG7ENo1FI0=,VTfRM2KmKSPqijece6+E8jB/00U=
-31,-8,4X36pkHoz5L0vrtiTTG7ENo1FI0=,zn2ILMXswd6nmLnCIwTxU6QmGx8=
-27,-9,4X36pkHoz5L0vrtiTTG7ENo1FI0=,VTfRM2KmKSPqijece6+E8jB/00U=
-27,-15,4X36pkHoz5L0vrtiTTG7ENo1FI0=,VTfRM2KmKSPqijece6+E8jB/00U=
-26,-14,4X36pkHoz5L0vrtiTTG7ENo1FI0=,VTfRM2KmKSPqijece6+E8jB/00U=
-29,-15,4X36pkHoz5L0vrtiTTG7ENo1FI0=,VTfRM2KmKSPqijece6+E8jB/00U=
-32,-8,4X36pkHoz5L0vrtiTTG7ENo1FI0=,zn2ILMXswd6nmLnCIwTxU6QmGx8=
-31,-13,4X36pkHoz5L0vrtiTTG7ENo1FI0=,VTfRM2KmKSPqijece6+E8jB/00U=
-30,-14,4X36pkHoz5L0vrtiTTG7ENo1FI0=,VTfRM2KmKSPqijece6+E8jB/00U=
-26,-15,4X36pkHoz5L0vrtiTTG7ENo1FI0=,VTfRM2KmKSPqijece6+E8jB/00U=
-28,-15,4X36pkHoz5L0vrtiTTG7ENo1FI0=,VTfRM2KmKSPqijece6+E8jB/00U=
-32,-13,4X36pkHoz5L0vrtiTTG7ENo1FI0=,VTfRM2KmKSPqijece6+E8jB/00U=
-31,-14,4X36pkHoz5L0vrtiTTG7ENo1FI0=,VTfRM2KmKSPqijece6+E8jB/00U=
-32,-14,4X36pkHoz5L0vrtiTTG7ENo1FI0=,VTfRM2KmKSPqijece6+E8jB/00U=
-26,-8,4X36pkHoz5L0vrtiTTG7ENo1FI0=,zn2ILMXswd6nmLnCIwTxU6QmGx8=
-26,-9,4X36pkHoz5L0vrtiTTG7ENo1FI0=,VTfRM2KmKSPqijece6+E8jB/00U=
-18,-5,ta36zG43elWiG0IEQEKLx6lqj/s=,YaogjvnJH5osgVLmH62wGteMmwI=
-17,-5,ta36zG43elWiG0IEQEKLx6lqj/s=,YaogjvnJH5osgVLmH62wGteMmwI=
-24,-4,ta36zG43elWiG0IEQEKLx6lqj/s=,YaogjvnJH5osgVLmH62wGteMmwI=
-25,-1,4X36pkHoz5L0vrtiTTG7ENo1FI0=,zn2ILMXswd6nmLnCIwTxU6QmGx8=
-25,-6,4X36pkHoz5L0vrtiTTG7ENo1FI0=,zn2ILMXswd6nmLnCIwTxU6QmGx8=
-20,-3,ta36zG43elWiG0IEQEKLx6lqj/s=,YaogjvnJH5osgVLmH62wGteMmwI=
-17,-6,ta36zG43elWiG0IEQEKLx6lqj/s=,YaogjvnJH5osgVLmH62wGteMmwI=
-22,-3,ta36zG43elWiG0IEQEKLx6lqj/s=,YaogjvnJH5osgVLmH62wGteMmwI=
-23,-3,ta36zG43elWiG0IEQEKLx6lqj/s=,YaogjvnJH5osgVLmH62wGteMmwI=
-25,-2,4X36pkHoz5L0vrtiTTG7ENo1FI0=,zn2ILMXswd6nmLnCIwTxU6QmGx8=
-21,-3,ta36zG43elWiG0IEQEKLx6lqj/s=,YaogjvnJH5osgVLmH62wGteMmwI=
-18,-4,ta36zG43elWiG0IEQEKLx6lqj/s=,YaogjvnJH5osgVLmH62wGteMmwI=
-24,-6,ta36zG43elWiG0IEQEKLx6lqj/s=,YaogjvnJH5osgVLmH62wGteMmwI=
-24,-5,ta36zG43elWiG0IEQEKLx6lqj/s=,YaogjvnJH5osgVLmH62wGteMmwI=
-23,-5,ta36zG43elWiG0IEQEKLx6lqj/s=,YaogjvnJH5osgVLmH62wGteMmwI=
-17,-4,ta36zG43elWiG0IEQEKLx6lqj/s=,YaogjvnJH5osgVLmH62wGteMmwI=
-25,-3,4X36pkHoz5L0vrtiTTG7ENo1FI0=,zn2ILMXswd6nmLnCIwTxU6QmGx8=
-25,-7,4X36pkHoz5L0vrtiTTG7ENo1FI0=,zn2ILMXswd6nmLnCIwTxU6QmGx8=
-22,-5,ta36zG43elWiG0IEQEKLx6lqj/s=,YaogjvnJH5osgVLmH62wGteMmwI=
-20,-4,ta36zG43elWiG0IEQEKLx6lqj/s=,YaogjvnJH5osgVLmH62wGteMmwI=
-19,-4,ta36zG43elWiG0IEQEKLx6lqj/s=,YaogjvnJH5osgVLmH62wGteMmwI=
-18,-6,ta36zG43elWiG0IEQEKLx6lqj/s=,YaogjvnJH5osgVLmH62wGteMmwI=
-22,-4,ta36zG43elWiG0IEQEKLx6lqj/s=,YaogjvnJH5osgVLmH62wGteMmwI=
-23,-7,ta36zG43elWiG0IEQEKLx6lqj/s=,YaogjvnJH5osgVLmH62wGteMmwI=
-17,-1,ta36zG43elWiG0IEQEKLx6lqj/s=,YaogjvnJH5osgVLmH62wGteMmwI=
-17,-7,ta36zG43elWiG0IEQEKLx6lqj/s=,YaogjvnJH5osgVLmH62wGteMmwI=
-18,-1,ta36zG43elWiG0IEQEKLx6lqj/s=,YaogjvnJH5osgVLmH62wGteMmwI=
-21,-5,ta36zG43elWiG0IEQEKLx6lqj/s=,YaogjvnJH5osgVLmH62wGteMmwI=
-24,-3,ta36zG43elWiG0IEQEKLx6lqj/s=,YaogjvnJH5osgVLmH62wGteMmwI=
-23,-4,ta36zG43elWiG0IEQEKLx6lqj/s=,YaogjvnJH5osgVLmH62wGteMmwI=
-21,-4,ta36zG43elWiG0IEQEKLx6lqj/s=,YaogjvnJH5osgVLmH62wGteMmwI=
-20,-1,ta36zG43elWiG0IEQEKLx6lqj/s=,YaogjvnJH5osgVLmH62wGteMmwI=
-18,-7,ta36zG43elWiG0IEQEKLx6lqj/s=,YaogjvnJH5osgVLmH62wGteMmwI=
-21,-1,ta36zG43elWiG0IEQEKLx6lqj/s=,YaogjvnJH5osgVLmH62wGteMmwI=
-25,-4,4X36pkHoz5L0vrtiTTG7ENo1FI0=,zn2ILMXswd6nmLnCIwTxU6QmGx8=
-19,-7,ta36zG43elWiG0IEQEKLx6lqj/s=,YaogjvnJH5osgVLmH62wGteMmwI=
-24,-1,ta36zG43elWiG0IEQEKLx6lqj/s=,YaogjvnJH5osgVLmH62wGteMmwI=
-20,-7,ta36zG43elWiG0IEQEKLx6lqj/s=,YaogjvnJH5osgVLmH62wGteMmwI=
-17,-2,ta36zG43elWiG0IEQEKLx6lqj/s=,YaogjvnJH5osgVLmH62wGteMmwI=
-19,-1,ta36zG43elWiG0IEQEKLx6lqj/s=,YaogjvnJH5osgVLmH62wGteMmwI=
-21,-7,ta36zG43elWiG0IEQEKLx6lqj/s=,YaogjvnJH5osgVLmH62wGteMmwI=
-19,-6,ta36zG43elWiG0IEQEKLx6lqj/s=,YaogjvnJH5osgVLmH62wGteMmwI=
-20,-5,ta36zG43elWiG0IEQEKLx6lqj/s=,YaogjvnJH5osgVLmH62wGteMmwI=
-22,-1,ta36zG43elWiG0IEQEKLx6lqj/s=,YaogjvnJH5osgVLmH62wGteMmwI=
-18,-2,ta36zG43elWiG0IEQEKLx6lqj/s=,YaogjvnJH5osgVLmH62wGteMmwI=
-23,-1,ta36zG43elWiG0IEQEKLx6lqj/s=,YaogjvnJH5osgVLmH62wGteMmwI=
-24,-7,ta36zG43elWiG0IEQEKLx6lqj/s=,YaogjvnJH5osgVLmH62wGteMmwI=
-20,-2,ta36zG43elWiG0IEQEKLx6lqj/s=,YaogjvnJH5osgVLmH62wGteMmwI=
-20,-6,ta36zG43elWiG0IEQEKLx6lqj/s=,YaogjvnJH5osgVLmH62wGteMmwI=
-24,-2,ta36zG43elWiG0IEQEKLx6lqj/s=,YaogjvnJH5osgVLmH62wGteMmwI=
-17,-3,ta36zG43elWiG0IEQEKLx6lqj/s=,YaogjvnJH5osgVLmH62wGteMmwI=
-21,-2,ta36zG43elWiG0IEQEKLx6lqj/s=,YaogjvnJH5osgVLmH62wGteMmwI=
-22,-6,ta36zG43elWiG0IEQEKLx6lqj/s=,YaogjvnJH5osgVLmH62wGteMmwI=
-25,-5,4X36pkHoz5L0vrtiTTG7ENo1FI0=,zn2ILMXswd6nmLnCIwTxU6QmGx8=
-21,-6,ta36zG43elWiG0IEQEKLx6lqj/s=,YaogjvnJH5osgVLmH62wGteMmwI=
-23,-2,ta36zG43elWiG0IEQEKLx6lqj/s=,YaogjvnJH5osgVLmH62wGteMmwI=
-19,-2,ta36zG43elWiG0IEQEKLx6lqj/s=,YaogjvnJH5osgVLmH62wGteMmwI=
-19,-5,ta36zG43elWiG0IEQEKLx6lqj/s=,YaogjvnJH5osgVLmH62wGteMmwI=
-23,-6,ta36zG43elWiG0IEQEKLx6lqj/s=,YaogjvnJH5osgVLmH62wGteMmwI=
-22,-7,ta36zG43elWiG0IEQEKLx6lqj/s=,YaogjvnJH5osgVLmH62wGteMmwI=
-18,-3,ta36zG43elWiG0IEQEKLx6lqj/s=,YaogjvnJH5osgVLmH62wGteMmwI=
-22,-2,ta36zG43elWiG0IEQEKLx6lqj/s=,YaogjvnJH5osgVLmH62wGteMmwI=
-19,-3,ta36zG43elWiG0IEQEKLx6lqj/s=,YaogjvnJH5osgVLmH62wGteMmwI=
-21,-8,ta36zG43elWiG0IEQEKLx6lqj/s=,YaogjvnJH5osgVLmH62wGteMmwI=
-17,-9,4X36pkHoz5L0vrtiTTG7ENo1FI0=,I3tkE+rl1Vj2Ivxa+Ofuq8A/yjA=
-22,-13,4X36pkHoz5L0vrtiTTG7ENo1FI0=,I3tkE+rl1Vj2Ivxa+Ofuq8A/yjA=
-21,-13,4X36pkHoz5L0vrtiTTG7ENo1FI0=,I3tkE+rl1Vj2Ivxa+Ofuq8A/yjA=
-25,-12,4X36pkHoz5L0vrtiTTG7ENo1FI0=,VTfRM2KmKSPqijece6+E8jB/00U=
-20,-13,4X36pkHoz5L0vrtiTTG7ENo1FI0=,I3tkE+rl1Vj2Ivxa+Ofuq8A/yjA=
-23,-13,4X36pkHoz5L0vrtiTTG7ENo1FI0=,I3tkE+rl1Vj2Ivxa+Ofuq8A/yjA=
-18,-9,4X36pkHoz5L0vrtiTTG7ENo1FI0=,I3tkE+rl1Vj2Ivxa+Ofuq8A/yjA=
-19,-9,4X36pkHoz5L0vrtiTTG7ENo1FI0=,I3tkE+rl1Vj2Ivxa+Ofuq8A/yjA=
-20,-9,4X36pkHoz5L0vrtiTTG7ENo1FI0=,I3tkE+rl1Vj2Ivxa+Ofuq8A/yjA=
-23,-9,4X36pkHoz5L0vrtiTTG7ENo1FI0=,I3tkE+rl1Vj2Ivxa+Ofuq8A/yjA=
-21,-9,4X36pkHoz5L0vrtiTTG7ENo1FI0=,I3tkE+rl1Vj2Ivxa+Ofuq8A/yjA=
-22,-9,4X36pkHoz5L0vrtiTTG7ENo1FI0=,I3tkE+rl1Vj2Ivxa+Ofuq8A/yjA=
-25,-13,4X36pkHoz5L0vrtiTTG7ENo1FI0=,VTfRM2KmKSPqijece6+E8jB/00U=
-19,-14,4X36pkHoz5L0vrtiTTG7ENo1FI0=,I3tkE+rl1Vj2Ivxa+Ofuq8A/yjA=
-22,-14,4X36pkHoz5L0vrtiTTG7ENo1FI0=,I3tkE+rl1Vj2Ivxa+Ofuq8A/yjA=
-19,-13,4X36pkHoz5L0vrtiTTG7ENo1FI0=,I3tkE+rl1Vj2Ivxa+Ofuq8A/yjA=
-17,-14,4X36pkHoz5L0vrtiTTG7ENo1FI0=,I3tkE+rl1Vj2Ivxa+Ofuq8A/yjA=
-18,-14,4X36pkHoz5L0vrtiTTG7ENo1FI0=,I3tkE+rl1Vj2Ivxa+Ofuq8A/yjA=
-23,-14,4X36pkHoz5L0vrtiTTG7ENo1FI0=,I3tkE+rl1Vj2Ivxa+Ofuq8A/yjA=
-25,-14,4X36pkHoz5L0vrtiTTG7ENo1FI0=,VTfRM2KmKSPqijece6+E8jB/00U=
-19,-10,4X36pkHoz5L0vrtiTTG7ENo1FI0=,I3tkE+rl1Vj2Ivxa+Ofuq8A/yjA=
-24,-14,4X36pkHoz5L0vrtiTTG7ENo1FI0=,I3tkE+rl1Vj2Ivxa+Ofuq8A/yjA=
-17,-10,4X36pkHoz5L0vrtiTTG7ENo1FI0=,I3tkE+rl1Vj2Ivxa+Ofuq8A/yjA=
-24,-13,4X36pkHoz5L0vrtiTTG7ENo1FI0=,I3tkE+rl1Vj2Ivxa+Ofuq8A/yjA=
-21,-14,4X36pkHoz5L0vrtiTTG7ENo1FI0=,I3tkE+rl1Vj2Ivxa+Ofuq8A/yjA=
-18,-15,4X36pkHoz5L0vrtiTTG7ENo1FI0=,I3tkE+rl1Vj2Ivxa+Ofuq8A/yjA=
-17,-15,4X36pkHoz5L0vrtiTTG7ENo1FI0=,I3tkE+rl1Vj2Ivxa+Ofuq8A/yjA=
-24,-9,4X36pkHoz5L0vrtiTTG7ENo1FI0=,I3tkE+rl1Vj2Ivxa+Ofuq8A/yjA=
-21,-15,4X36pkHoz5L0vrtiTTG7ENo1FI0=,I3tkE+rl1Vj2Ivxa+Ofuq8A/yjA=
-24,-15,4X36pkHoz5L0vrtiTTG7ENo1FI0=,I3tkE+rl1Vj2Ivxa+Ofuq8A/yjA=
-18,-16,4X36pkHoz5L0vrtiTTG7ENo1FI0=,I3tkE+rl1Vj2Ivxa+Ofuq8A/yjA=
-20,-14,4X36pkHoz5L0vrtiTTG7ENo1FI0=,I3tkE+rl1Vj2Ivxa+Ofuq8A/yjA=
-20,-10,4X36pkHoz5L0vrtiTTG7ENo1FI0=,I3tkE+rl1Vj2Ivxa+Ofuq8A/yjA=
-19,-15,4X36pkHoz5L0vrtiTTG7ENo1FI0=,I3tkE+rl1Vj2Ivxa+Ofuq8A/yjA=
-22,-15,4X36pkHoz5L0vrtiTTG7ENo1FI0=,I3tkE+rl1Vj2Ivxa+Ofuq8A/yjA=
-18,-10,4X36pkHoz5L0vrtiTTG7ENo1FI0=,I3tkE+rl1Vj2Ivxa+Ofuq8A/yjA=
-23,-15,4X36pkHoz5L0vrtiTTG7ENo1FI0=,I3tkE+rl1Vj2Ivxa+Ofuq8A/yjA=
-17,-16,4X36pkHoz5L0vrtiTTG7ENo1FI0=,I3tkE+rl1Vj2Ivxa+Ofuq8A/yjA=
-20,-15,4X36pkHoz5L0vrtiTTG7ENo1FI0=,I3tkE+rl1Vj2Ivxa+Ofuq8A/yjA=
-19,-16,4X36pkHoz5L0vrtiTTG7ENo1FI0=,I3tkE+rl1Vj2Ivxa+Ofuq8A/yjA=
-24,-8,ta36zG43elWiG0IEQEKLx6lqj/s=,YaogjvnJH5osgVLmH62wGteMmwI=
-21,-10,4X36pkHoz5L0vrtiTTG7ENo1FI0=,I3tkE+rl1Vj2Ivxa+Ofuq8A/yjA=
-23,-16,4X36pkHoz5L0vrtiTTG7ENo1FI0=,I3tkE+rl1Vj2Ivxa+Ofuq8A/yjA=
-21,-16,4X36pkHoz5L0vrtiTTG7ENo1FI0=,I3tkE+rl1Vj2Ivxa+Ofuq8A/yjA=
-19,-11,4X36pkHoz5L0vrtiTTG7ENo1FI0=,I3tkE+rl1Vj2Ivxa+Ofuq8A/yjA=
-20,-11,4X36pkHoz5L0vrtiTTG7ENo1FI0=,I3tkE+rl1Vj2Ivxa+Ofuq8A/yjA=
-22,-16,4X36pkHoz5L0vrtiTTG7ENo1FI0=,I3tkE+rl1Vj2Ivxa+Ofuq8A/yjA=
-21,-11,4X36pkHoz5L0vrtiTTG7ENo1FI0=,I3tkE+rl1Vj2Ivxa+Ofuq8A/yjA=
-25,-15,4X36pkHoz5L0vrtiTTG7ENo1FI0=,VTfRM2KmKSPqijece6+E8jB/00U=
-20,-16,4X36pkHoz5L0vrtiTTG7ENo1FI0=,I3tkE+rl1Vj2Ivxa+Ofuq8A/yjA=
-22,-11,4X36pkHoz5L0vrtiTTG7ENo1FI0=,I3tkE+rl1Vj2Ivxa+Ofuq8A/yjA=
-18,-11,4X36pkHoz5L0vrtiTTG7ENo1FI0=,I3tkE+rl1Vj2Ivxa+Ofuq8A/yjA=
-22,-10,4X36pkHoz5L0vrtiTTG7ENo1FI0=,I3tkE+rl1Vj2Ivxa+Ofuq8A/yjA=
-24,-16,4X36pkHoz5L0vrtiTTG7ENo1FI0=,I3tkE+rl1Vj2Ivxa+Ofuq8A/yjA=
-24,-10,4X36pkHoz5L0vrtiTTG7ENo1FI0=,I3tkE+rl1Vj2Ivxa+Ofuq8A/yjA=
-18,-13,4X36pkHoz5L0vrtiTTG7ENo1FI0=,I3tkE+rl1Vj2Ivxa+Ofuq8A/yjA=
-17,-11,4X36pkHoz5L0vrtiTTG7ENo1FI0=,I3tkE+rl1Vj2Ivxa+Ofuq8A/yjA=
-23,-10,4X36pkHoz5L0vrtiTTG7ENo1FI0=,I3tkE+rl1Vj2Ivxa+Ofuq8A/yjA=
-25,-16,4X36pkHoz5L0vrtiTTG7ENo1FI0=,VTfRM2KmKSPqijece6+E8jB/00U=
-25,-8,4X36pkHoz5L0vrtiTTG7ENo1FI0=,zn2ILMXswd6nmLnCIwTxU6QmGx8=
-20,-12,4X36pkHoz5L0vrtiTTG7ENo1FI0=,I3tkE+rl1Vj2Ivxa+Ofuq8A/yjA=
-22,-8,ta36zG43elWiG0IEQEKLx6lqj/s=,YaogjvnJH5osgVLmH62wGteMmwI=
-21,-12,4X36pkHoz5L0vrtiTTG7ENo1FI0=,I3tkE+rl1Vj2Ivxa+Ofuq8A/yjA=
-19,-12,4X36pkHoz5L0vrtiTTG7ENo1FI0=,I3tkE+rl1Vj2Ivxa+Ofuq8A/yjA=
-22,-12,4X36pkHoz5L0vrtiTTG7ENo1FI0=,I3tkE+rl1Vj2Ivxa+Ofuq8A/yjA=
-18,-12,4X36pkHoz5L0vrtiTTG7ENo1FI0=,I3tkE+rl1Vj2Ivxa+Ofuq8A/yjA=
-23,-11,4X36pkHoz5L0vrtiTTG7ENo1FI0=,I3tkE+rl1Vj2Ivxa+Ofuq8A/yjA=
-24,-11,4X36pkHoz5L0vrtiTTG7ENo1FI0=,I3tkE+rl1Vj2Ivxa+Ofuq8A/yjA=
-18,-8,ta36zG43elWiG0IEQEKLx6lqj/s=,YaogjvnJH5osgVLmH62wGteMmwI=
-23,-8,ta36zG43elWiG0IEQEKLx6lqj/s=,YaogjvnJH5osgVLmH62wGteMmwI=
-17,-12,4X36pkHoz5L0vrtiTTG7ENo1FI0=,I3tkE+rl1Vj2Ivxa+Ofuq8A/yjA=
-19,-8,ta36zG43elWiG0IEQEKLx6lqj/s=,YaogjvnJH5osgVLmH62wGteMmwI=
-25,-9,4X36pkHoz5L0vrtiTTG7ENo1FI0=,VTfRM2KmKSPqijece6+E8jB/00U=
-24,-12,4X36pkHoz5L0vrtiTTG7ENo1FI0=,I3tkE+rl1Vj2Ivxa+Ofuq8A/yjA=
-23,-12,4X36pkHoz5L0vrtiTTG7ENo1FI0=,I3tkE+rl1Vj2Ivxa+Ofuq8A/yjA=
-25,-11,4X36pkHoz5L0vrtiTTG7ENo1FI0=,VTfRM2KmKSPqijece6+E8jB/00U=
-25,-10,4X36pkHoz5L0vrtiTTG7ENo1FI0=,VTfRM2KmKSPqijece6+E8jB/00U=
-20,-8,ta36zG43elWiG0IEQEKLx6lqj/s=,YaogjvnJH5osgVLmH62wGteMmwI=
-17,-13,4X36pkHoz5L0vrtiTTG7ENo1FI0=,I3tkE+rl1Vj2Ivxa+Ofuq8A/yjA=
-17,-8,ta36zG43elWiG0IEQEKLx6lqj/s=,YaogjvnJH5osgVLmH62wGteMmwI=
